Unless stated otherwise the Canmore dataset contains Ordnance Survey derived data which is delivered through Canmore website under the terms of the OPEN GOVERNMENT End User Licence.
http://www.ordnancesurvey.co.uk/docs/licences/os-opendata-licence.pdf
"Canmore-download-Mon, 18 Mar 2019 18:07:09 +0000.csv"


CANMORE ID,SITE NUMBER,SITE NAME,SITE TYPE,SITE EASTING,SITE NORTHING,COUNCIL,COUNTY,PARISH,NGR,URL
"23100","NM84SE 50","Lismore, St Moluags Cathedral","Burial Ground (Period Unassigned), Cathedral (Period Unassigned), Church (Period Unassigned), War Memorial(S) (Period Unassigned)","186079","743497","ARGYLL AND BUTE","ARGYLL","LISMORE AND APPIN (ARGYLL AND BUTE)","NM 86079 43497","http://canmore.org.uk/site/23100",
"23082","NM84SE 1","Lismore, Tirefour Castle","Broch (Iron Age)","186755","742912","ARGYLL AND BUTE","ARGYLL","LISMORE AND APPIN (ARGYLL AND BUTE)","NM 86755 42912","http://canmore.org.uk/site/23082",
"76780","NM84SE 25","Lismore, Killandrist, Lismore Gaelic Heritage Centre","Cultivation Remains (Period Unassigned), Farmstead (Period Unassigned)","185530","742850","ARGYLL AND BUTE","ARGYLL","LISMORE AND APPIN (ARGYLL AND BUTE)","NM 8553 4285","http://canmore.org.uk/site/76780",
"151974","NM84SW 14","Lismore, Newfield","Farmstead (Period Unassigned), Findspot, Armlet","184820","740650","ARGYLL AND BUTE","ARGYLL","LISMORE AND APPIN (ARGYLL AND BUTE)","NM 8482 4065","http://canmore.org.uk/site/151974",
"318503","NM84SE 51","Lismore, St Moluags Cathedral","Cross (Period Unassigned)","186079","743497","ARGYLL AND BUTE","ARGYLL","LISMORE AND APPIN (ARGYLL AND BUTE)","NM 86079 43497","http://canmore.org.uk/site/318503",
"23009","NM83NW 17","Lismore, Cill Chiarain","Burial Ground (Period Unassigned), Chapel (Period Unassigned)","182400","738700","ARGYLL AND BUTE","ARGYLL","LISMORE AND APPIN (ARGYLL AND BUTE)","NM 824 387","http://canmore.org.uk/site/23009",
"23111","NM84SW 7","Creag An Fhithich, Lismore","Township (Period Unassigned)","183400","740400","ARGYLL AND BUTE","ARGYLL","LISMORE AND APPIN (ARGYLL AND BUTE)","NM 834 404","http://canmore.org.uk/site/23111",
"108820","NM83NW 270","Lismore, Port Kilcheran, Single Limekiln","Lime Kiln(S) (Period Unassigned)","182571","738625","ARGYLL AND BUTE","ARGYLL","LISMORE AND APPIN (ARGYLL AND BUTE)","NM 82571 38625","http://canmore.org.uk/site/108820",
"152293","NM84SE 39","Lismore, Port Na Morlachd","Enclosure (Period Unassigned), Farmstead (Period Unassigned), Lime Kiln (Period Unassigned)","186510","744790","ARGYLL AND BUTE","ARGYLL","LISMORE AND APPIN (ARGYLL AND BUTE)","NM 8651 4479","http://canmore.org.uk/site/152293",
"152299","NM84NE 4","Lismore, Glas Dhruim","Building(S) (Period Unassigned), Head Dyke (Post Medieval)(Possible), Lime Kiln (Period Unassigned), Wall(S) (Period Unassigned)","187160","745850","ARGYLL AND BUTE","ARGYLL","LISMORE AND APPIN (ARGYLL AND BUTE)","NM 8716 4585","http://canmore.org.uk/site/152299",
"152317","NM84SW 813","Lismore, An Sailean, Limekilns","Building(S) (Period Unassigned), Lime Kiln(S) (Period Unassigned)","183640","741437","ARGYLL AND BUTE","ARGYLL","LISMORE AND APPIN (ARGYLL AND BUTE)","NM 83640 41437","http://canmore.org.uk/site/152317",
"155560","NM84NE 31","Lismore, Port Ramsay, Limekilns","Lime Kiln(S) (Period Unassigned)","188430","745613","ARGYLL AND BUTE","ARGYLL","LISMORE AND APPIN (ARGYLL AND BUTE)","NM 88430 45613","http://canmore.org.uk/site/155560",
"264638","NM83NW 273","Lismore, Port Kilcheran, Double Limekiln","Lime Kiln(S) (Period Unassigned)","182565","738642","ARGYLL AND BUTE","ARGYLL","LISMORE AND APPIN (ARGYLL AND BUTE)","NM 82565 38642","http://canmore.org.uk/site/264638",
"281487","NM84SW 20","Lismore, Baleveolan","No Class (Event)","184800","742200","ARGYLL AND BUTE","ARGYLL","LISMORE AND APPIN (ARGYLL AND BUTE)","NM 848 422","http://canmore.org.uk/site/281487",
"281488","NM84SE 60","Lismore, Castle Coeffin","Fish Trap (Period Unassigned)","185400","743700","ARGYLL AND BUTE","ARGYLL","LISMORE AND APPIN (ARGYLL AND BUTE)","NM 854 437","http://canmore.org.uk/site/281488",
"281489","NM94NW 46","Lismore, Eilean Nan Caorach","Ballast Mound (Period Unassigned), Landing Point (Period Unassigned), Lime Kiln (Period Unassigned), Storehouse (Period Unassigned)","190100","746800","ARGYLL AND BUTE","ARGYLL","LISMORE AND APPIN (ARGYLL AND BUTE)","NM 901 468","http://canmore.org.uk/site/281489",
"281505","NM84SW 21","Lismore, Port An Dreadhain","Fish Trap (Period Unassigned)","182900","741100","ARGYLL AND BUTE","ARGYLL","LISMORE AND APPIN (ARGYLL AND BUTE)","NM 829 411","http://canmore.org.uk/site/281505",
"281506","NM84SE 59","Lismore, Port Moluag, Former Boatyard And Cottages","Cottage(S) (Period Unassigned), Shipyard (Period Unassigned)","187100","743300","ARGYLL AND BUTE","ARGYLL","LISMORE AND APPIN (ARGYLL AND BUTE)","NM 871 433","http://canmore.org.uk/site/281506",
"281507","NM84SW 22","Lismore, Port Nan Gallan","Boathouse (Period Unassigned)","182100","740200","ARGYLL AND BUTE","ARGYLL","LISMORE AND APPIN (ARGYLL AND BUTE)","NM 821 402","http://canmore.org.uk/site/281507",
"22660","NM73NE 50","Lismore, Lighthouse","Lighthouse (Period Unassigned)","177812","735105","ARGYLL AND BUTE","ARGYLL","LISMORE AND APPIN (ARGYLL AND BUTE)","NM 77812 35105","http://canmore.org.uk/site/22660",
"23083","NM84SE 10","Lismore, Port Moluag","Chapel (Period Unassigned), Well (Period Unassigned)","187150","743350","ARGYLL AND BUTE","ARGYLL","LISMORE AND APPIN (ARGYLL AND BUTE)","NM 8715 4335","http://canmore.org.uk/site/23083",
"23085","NM84SE 12","Lismore, Carn Mor","Cairn (Period Unassigned)","185930","743540","ARGYLL AND BUTE","ARGYLL","LISMORE AND APPIN (ARGYLL AND BUTE)","NM 8593 4354","http://canmore.org.uk/site/23085",
"23093","NM84SE 2","Lismore, Castle Coeffin","Castle (Medieval), Hall House (Medieval)","185365","743772","ARGYLL AND BUTE","ARGYLL","LISMORE AND APPIN (ARGYLL AND BUTE)","NM 85365 43772","http://canmore.org.uk/site/23093",
"23094","NM84SE 20","Lismore, Clachan, Tobar A' Bhaistidh","Well (Period Unassigned)","186170","743430","ARGYLL AND BUTE","ARGYLL","LISMORE AND APPIN (ARGYLL AND BUTE)","NM 8617 4343","http://canmore.org.uk/site/23094",
"23098","NM84SE 3","Lismore, St Moluag's Chair","Natural Feature (Period Unknown)","186960","744050","ARGYLL AND BUTE","ARGYLL","LISMORE AND APPIN (ARGYLL AND BUTE)","NM 8696 4405","http://canmore.org.uk/site/23098",
"23288","NM94NE 3","Beinn Churalain","Platform(S) (Period Unassigned)","199500","745400","ARGYLL AND BUTE","ARGYLL","LISMORE AND APPIN (ARGYLL AND BUTE)","NM 995 454","http://canmore.org.uk/site/23288",
"76781","NM84SE 26","Lismore, Tirefour Castle","Cultivation Remains (Period Unassigned), Farmstead (Period Unassigned)","186640","742920","ARGYLL AND BUTE","ARGYLL","LISMORE AND APPIN (ARGYLL AND BUTE)","NM 8664 4292","http://canmore.org.uk/site/76781",
"89080","NN25NW 10","Stirling - Tyndrum - Fort William Military Road","Military Road (18th Century)","221840","757000","HIGHLAND","ARGYLL","LISMORE AND APPIN (LOCHABER)","NN 2184 5700","http://canmore.org.uk/site/89080",
"118082","NM84SW 8002","La Naide: Loch Linnhe","Smack (19th Century)","182000","743000","ARGYLL AND BUTE","NOT APPLICABLE","MARITIME - ARGYLL AND BUTE","NM 82 43","http://canmore.org.uk/site/118082",
"118086","NM84NE 8002","Mary Joanna: Rubh Aird Ghainimh, Lismore, Loch Linnhe","Smack (19th Century)","189300","746300","ARGYLL AND BUTE","NOT APPLICABLE","MARITIME - ARGYLL AND BUTE","NM 893 463","http://canmore.org.uk/site/118086",
"150601","NS17NE 66","Dunoon, Lismore Lodge","House (19th Century)","217990","677830","ARGYLL AND BUTE","ARGYLL","DUNOON AND KILMUN","NS 1799 7783","http://canmore.org.uk/site/150601",
"152015","NM83NW 31","Lismore, Kilcheran Loch","Farmstead (Period Unassigned)","182850","739580","ARGYLL AND BUTE","ARGYLL","LISMORE AND APPIN (ARGYLL AND BUTE)","NM 8285 3958","http://canmore.org.uk/site/152015",
"152090","NM94SE 19","Inverfolla","Farmstead (Period Unassigned)(Possible)","195930","744920","ARGYLL AND BUTE","ARGYLL","LISMORE AND APPIN (ARGYLL AND BUTE)","NM 9593 4492","http://canmore.org.uk/site/152090",
"152315","NM84SW 811","Lismore, Balliveolan","Farmstead (Period Unassigned)","183520","741290","ARGYLL AND BUTE","ARGYLL","LISMORE AND APPIN (ARGYLL AND BUTE)","NM 8352 4129","http://canmore.org.uk/site/152315",
"152316","NM84SW 812","Lismore, Balliveolan","Building (Period Unassigned), Kiln (Period Unassigned)","183440","741290","ARGYLL AND BUTE","ARGYLL","LISMORE AND APPIN (ARGYLL AND BUTE)","NM 8344 4129","http://canmore.org.uk/site/152316",
"212961","NM84NE 8003","Lora: Port Ramsay, Lismore, Loch Linnhe","Smack (19th Century)","188200","745400","ARGYLL AND BUTE","NOT APPLICABLE","MARITIME - ARGYLL AND BUTE","NM 882 454","http://canmore.org.uk/site/212961",
"275480","NM84SW 8007","Unknown: Lismore, Loch Linnhe","Craft (19th Century)","","","ARGYLL AND BUTE","NOT APPLICABLE","MARITIME - ARGYLL AND BUTE","NM  ","http://canmore.org.uk/site/275480",
"284533","NM84SW 8009","Christian Turner: Lismore, Loch Linnhe","Craft (19th Century)","","","ARGYLL AND BUTE","NOT APPLICABLE","MARITIME - ARGYLL AND BUTE","NM  ","http://canmore.org.uk/site/284533",
"293993","NM84NE 8004","Dragon: Eilean Gainimh, Lismore, Loch Linnhe","Steamship (20th Century)","189100","747400","ARGYLL AND BUTE","NOT APPLICABLE","MARITIME - ARGYLL AND BUTE","NM 891 474","http://canmore.org.uk/site/293993",
"295455","NM84SE 61","Balnagowen","Organic Material","186400","743300","ARGYLL AND BUTE","ARGYLL","LISMORE AND APPIN (ARGYLL AND BUTE)","NM 864 433","http://canmore.org.uk/site/295455",
"295456","NM83NW 55","Fiart","Organic Material","180300","737100","ARGYLL AND BUTE","ARGYLL","LISMORE AND APPIN (ARGYLL AND BUTE)","NM 803 371","http://canmore.org.uk/site/295456",
"320573","NM84SE 62","Lismore, Ballimackillichan","No Class (Event)","186161","743871","ARGYLL AND BUTE","ARGYLL","LISMORE AND APPIN (ARGYLL AND BUTE)","NM 86161 43871","http://canmore.org.uk/site/320573",
"340356","NM84SE 63","Lismore, Clachan, War Memorial","Grave Slab(S) (Medieval), War Memorial (20th Century)","186080","743445","ARGYLL AND BUTE","ARGYLL","LISMORE AND APPIN (ARGYLL AND BUTE)","NM 86080 43445","http://canmore.org.uk/site/340356",
"348085","NM84SE 64","Lismore, Clachan","No Class (Event)","185857","743414","ARGYLL AND BUTE","ARGYLL","LISMORE AND APPIN (ARGYLL AND BUTE)","NM 85857 43414","http://canmore.org.uk/site/348085",
"11734","NG74NW 1","Applecross, St Maelrubha's Monastery","Cross Slab (Early Medieval), Monastic Settlement (Early Medieval)","171350","845830","HIGHLAND","ROSS AND CROMARTY","APPLECROSS","NG 7135 4583","http://canmore.org.uk/site/11734",
"21781","NM33NE 1","Cille Mhic Eoghainn, Ulva","Burial Ground (Period Unassigned)","139530","738900","ARGYLL AND BUTE","ARGYLL","KILNINIAN AND KILMORE","NM 3953 3890","http://canmore.org.uk/site/21781",
"21812","NM34SE 1","Dun Ban, Ulva","Island Dwelling (Medieval)","138410","741600","ARGYLL AND BUTE","ARGYLL","KILNINIAN AND KILMORE","NM 3841 4160","http://canmore.org.uk/site/21812",
"21818","NM34SE 6","Glacgallon, Ulva","Head Dyke (Post Medieval), Township (Period Unassigned)","138100","741000","ARGYLL AND BUTE","ARGYLL","KILNINIAN AND KILMORE","NM 381 410","http://canmore.org.uk/site/21818",
"21820","NM34SE 8","Baligortan, Ulva","Corn Drying Kiln (Period Unassigned), Field System (Period Unassigned), Township (Period Unassigned)","138940","741740","ARGYLL AND BUTE","ARGYLL","KILNINIAN AND KILMORE","NM 3894 4174","http://canmore.org.uk/site/21820",
"22011","NM43NW 10","Ormaig Mill, Ulva","Cruck Framed Mill (Post Medieval)","140930","739150","ARGYLL AND BUTE","ARGYLL","KILNINIAN AND KILMORE","NM 4093 3915","http://canmore.org.uk/site/22011",
"22012","NM43NW 11","Ulva, Ferry House","Ferrykeepers Cottage (19th Century), Inn (19th Century)","144363","739807","ARGYLL AND BUTE","ARGYLL","KILNINIAN AND KILMORE","NM 44363 39807","http://canmore.org.uk/site/22012",
"22013","NM43NW 12","Dun Bhioramuill, Ulva","Burial Ground (Period Unassigned), Enclosure (Period Unassigned)","143830","738350","ARGYLL AND BUTE","ARGYLL","KILNINIAN AND KILMORE","NM 4383 3835","http://canmore.org.uk/site/22013",
"22014","NM43NW 13","Ormaig, Ulva","Field System (Period Unassigned), Township (Period Unassigned)","142700","738600","ARGYLL AND BUTE","ARGYLL","KILNINIAN AND KILMORE","NM 427 386","http://canmore.org.uk/site/22014",
"22015","NM43NW 14","Ormaig, Ulva","Township (Period Unassigned)","143000","739700","ARGYLL AND BUTE","ARGYLL","KILNINIAN AND KILMORE","NM 430 397","http://canmore.org.uk/site/22015",
"22016","NM43NW 15","Ormaig, Ulva","Township (Period Unassigned)","142500","739500","ARGYLL AND BUTE","ARGYLL","KILNINIAN AND KILMORE","NM 425 395","http://canmore.org.uk/site/22016",
"22017","NM43NW 16","Ulva Church","Church (Period Unassigned), Hall (Period Unassigned), War Memorial(S) (Period Unassigned)","143622","739803","ARGYLL AND BUTE","ARGYLL","KILNINIAN AND KILMORE","NM 43622 39803","http://canmore.org.uk/site/22017",
"22018","NM43NW 17","Cragaig, Ulva","Township (Period Unassigned)","140700","739000","ARGYLL AND BUTE","ARGYLL","KILNINIAN AND KILMORE","NM 407 390","http://canmore.org.uk/site/22018",
"22020","NM43NW 19","Ulva, Old House","House (Period Unassigned)","144250","738930","ARGYLL AND BUTE","ARGYLL","KILNINIAN AND KILMORE","NM 4425 3893","http://canmore.org.uk/site/22020",
"22022","NM43NW 22","A' Chrannag, Ulva","Cave (Period Unassigned), Animal Remains","143140","738430","ARGYLL AND BUTE","ARGYLL","KILNINIAN AND KILMORE","NM 4314 3843","http://canmore.org.uk/site/22022",
"22024","NM43NW 3","Ulva","Standing Stone (Prehistoric)","142540","739280","ARGYLL AND BUTE","ARGYLL","KILNINIAN AND KILMORE","NM 4254 3928","http://canmore.org.uk/site/22024",
"22027","NM43NW 6","Ormaig, Ulva","Township (Period Unassigned)","141500","738700","ARGYLL AND BUTE","ARGYLL","KILNINIAN AND KILMORE","NM 415 387","http://canmore.org.uk/site/22027",
"22029","NM43NW 8","Ormaig, Ulva","Fort (Period Unassigned), Hut Circle (Prehistoric)(Possible)","142720","738260","ARGYLL AND BUTE","ARGYLL","KILNINIAN AND KILMORE","NM 4272 3826","http://canmore.org.uk/site/22029",
"22030","NM43NW 9","Cragaig, Ulva","Standing Stone(S) (Prehistoric)","140280","739010","ARGYLL AND BUTE","ARGYLL","KILNINIAN AND KILMORE","NM 4028 3901","http://canmore.org.uk/site/22030",
"22061","NM44SW 5","Culinish, Ulva","Head Dyke (Post Medieval), Township (Period Unassigned)","141000","741400","ARGYLL AND BUTE","ARGYLL","KILNINIAN AND KILMORE","NM 410 414","http://canmore.org.uk/site/22061",
"22151","NM48NE 18","Eigg, Kildonnan","Font (Medieval)(Possible), Human Remains (Medieval), Basin (Stone)","148830","785400","HIGHLAND","INVERNESS-SHIRE","SMALL ISLES","NM 4883 8540","http://canmore.org.uk/site/22151",
"22152","NM48NE 190","Eigg, Kildonnan, St Donnan's Church And Burial-ground","Burial Ground (Medieval), Cemetery (Modern), Church (16th Century), Sheela Na Gig (Possible)","148855","785362","HIGHLAND","INVERNESS-SHIRE","SMALL ISLES","NM 48855 85362","http://canmore.org.uk/site/22152",
"22158","NM48NE 240","Eigg, Kildonnan","Cross Slab(S) (Early Medieval), Monastery (Early Medieval)","148000","785000","HIGHLAND","INVERNESS-SHIRE","SMALL ISLES","NM 48 85","http://canmore.org.uk/site/22158",
"22177","NM48SE 15","Eigg, Kildonnan","Fort (Prehistoric)","149144","784761","HIGHLAND","INVERNESS-SHIRE","SMALL ISLES","NM 49144 84761","http://canmore.org.uk/site/22177",
"22656","NM73NE 1","Bernera Island, Chapel And Burial-ground","Burial Ground (Period Unassigned), Chapel (Period Unassigned)","179450","739180","ARGYLL AND BUTE","ARGYLL","LISMORE AND APPIN (ARGYLL AND BUTE)","NM 7945 3918","http://canmore.org.uk/site/22656",
"22657","NM73NE 2","Lismore, Dun Chruban","Dun (Period Unassigned)","179240","735980","ARGYLL AND BUTE","ARGYLL","LISMORE AND APPIN (ARGYLL AND BUTE)","NM 7924 3598","http://canmore.org.uk/site/22657",
"22658","NM73NE 3","Lismore, An Dun, Sloc A' Bhrighide","Dun (Period Unassigned)","179980","736510","ARGYLL AND BUTE","ARGYLL","LISMORE AND APPIN (ARGYLL AND BUTE)","NM 7998 3651","http://canmore.org.uk/site/22658",
"22659","NM73NE 4","Loch Linnhe, Eilean Musdile","Standing Stone (Prehistoric)","177900","735100","ARGYLL AND BUTE","ARGYLL","LISMORE AND APPIN (ARGYLL AND BUTE)","NM 779 351","http://canmore.org.uk/site/22659",
"22661","NM73NE 6","Lismore, Dalnarrow","Cultivation Remains (Period Unassigned), Farmhouse (Period Unassigned), Farmstead (Period Unassigned)","179200","736100","ARGYLL AND BUTE","ARGYLL","LISMORE AND APPIN (ARGYLL AND BUTE)","NM 792 361","http://canmore.org.uk/site/22661",
"23001","NM83NW 1","Lismore, Balygrundle South","Cairn (Period Unassigned)","184020","739580","ARGYLL AND BUTE","ARGYLL","LISMORE AND APPIN (ARGYLL AND BUTE)","NM 8402 3958","http://canmore.org.uk/site/23001",
"23002","NM83NW 10","Lismore, Aon Garbh","Cairn(S) (Period Unassigned)","180210","737510","ARGYLL AND BUTE","ARGYLL","LISMORE AND APPIN (ARGYLL AND BUTE)","NM 8021 3751","http://canmore.org.uk/site/23002",
"23003","NM83NW 11","Lismore, Kilcheran","Human Remains (Period Unassigned)","182620","738730","ARGYLL AND BUTE","ARGYLL","LISMORE AND APPIN (ARGYLL AND BUTE)","NM 8262 3873","http://canmore.org.uk/site/23003",
"23004","NM83NW 12","Lismore, Barr Mor","Cairn (Period Unassigned)","181490","738860","ARGYLL AND BUTE","ARGYLL","LISMORE AND APPIN (ARGYLL AND BUTE)","NM 8149 3886","http://canmore.org.uk/site/23004",
"23005","NM83NW 13","Lismore, Barr Mor","Cairn (Period Unassigned)","181230","738550","ARGYLL AND BUTE","ARGYLL","LISMORE AND APPIN (ARGYLL AND BUTE)","NM 8123 3855","http://canmore.org.uk/site/23005",
"23006","NM83NW 14","Lismore, Balygrundle South","Cairn (Period Unassigned)","183650","739460","ARGYLL AND BUTE","ARGYLL","LISMORE AND APPIN (ARGYLL AND BUTE)","NM 8365 3946","http://canmore.org.uk/site/23006",
"23007","NM83NW 15","Lismore, Barr Mor","Findspot, Socketed Axehead (Bronze)","181200","738600","ARGYLL AND BUTE","ARGYLL","LISMORE AND APPIN (ARGYLL AND BUTE)","NM 812 386","http://canmore.org.uk/site/23007",
"23008","NM83NW 16","Lismore, Achadh Nan Aird","Township (Period Unassigned)","180950","738230","ARGYLL AND BUTE","ARGYLL","LISMORE AND APPIN (ARGYLL AND BUTE)","NM 8095 3823","http://canmore.org.uk/site/23008",
"23010","NM83NW 18","Lismore, Kilcheran","Fort (Period Unassigned)","182660","738770","ARGYLL AND BUTE","ARGYLL","LISMORE AND APPIN (ARGYLL AND BUTE)","NM 8266 3877","http://canmore.org.uk/site/23010",
"23011","NM83NW 19","Lismore, Druim An Uinnsinn","Cairn (Period Unassigned)","182410","739590","ARGYLL AND BUTE","ARGYLL","LISMORE AND APPIN (ARGYLL AND BUTE)","NM 8241 3959","http://canmore.org.uk/site/23011",
"23012","NM83NW 2","Lismore, Sean Dun","Cultivation Remains (Period Unassigned), Dun (Period Unassigned), Enclosure (Period Unassigned)","184480","739960","ARGYLL AND BUTE","ARGYLL","LISMORE AND APPIN (ARGYLL AND BUTE)","NM 8448 3996","http://canmore.org.uk/site/23012",
"23013","NM83NW 20","Lismore, Druim An Uinsinn","Cairn (Period Unassigned)(Possible)","182200","739340","ARGYLL AND BUTE","ARGYLL","LISMORE AND APPIN (ARGYLL AND BUTE)","NM 8220 3934","http://canmore.org.uk/site/23013",
"23014","NM83NW 21","Lismore, Kilcheran","Dun (Period Unassigned)","182210","738340","ARGYLL AND BUTE","ARGYLL","LISMORE AND APPIN (ARGYLL AND BUTE)","NM 8221 3834","http://canmore.org.uk/site/23014",
"23015","NM83NW 22","Lismore, Balygrundle North","Cairn (Period Unassigned), Cultivation Remains (Period Unassigned)","183670","739970","ARGYLL AND BUTE","ARGYLL","LISMORE AND APPIN (ARGYLL AND BUTE)","NM 8367 3997","http://canmore.org.uk/site/23015",
"23016","NM83NW 23","Lismore, Fiart","Dun (Period Unassigned)","180670","736870","ARGYLL AND BUTE","ARGYLL","LISMORE AND APPIN (ARGYLL AND BUTE)","NM 8067 3687","http://canmore.org.uk/site/23016",
"23017","NM83NW 24","Lismore, Achadh Nan Aird","Cultivation Remains (Period Unassigned)","180700","738200","ARGYLL AND BUTE","ARGYLL","LISMORE AND APPIN (ARGYLL AND BUTE)","NM 807 382","http://canmore.org.uk/site/23017",
"23018","NM83NW 3","Lismore, Achadun Castle","Castle (Medieval)","180432","739270","ARGYLL AND BUTE","ARGYLL","LISMORE AND APPIN (ARGYLL AND BUTE)","NM 80432 39270","http://canmore.org.uk/site/23018",
"23019","NM83NW 4","Lismore, Barr Mor","Cist (Period Unassigned)","181460","738840","ARGYLL AND BUTE","ARGYLL","LISMORE AND APPIN (ARGYLL AND BUTE)","NM 8146 3884","http://canmore.org.uk/site/23019",
"23020","NM83NW 5","Lismore, Loch Fiart, An Dun","Broch (Iron Age)(Possible)","181130","737680","ARGYLL AND BUTE","ARGYLL","LISMORE AND APPIN (ARGYLL AND BUTE)","NM 8113 3768","http://canmore.org.uk/site/23020",
"23021","NM83NW 6","Lismore, Barr Mor","Enclosure (Period Unassigned)","181340","738540","ARGYLL AND BUTE","ARGYLL","LISMORE AND APPIN (ARGYLL AND BUTE)","NM 8134 3854","http://canmore.org.uk/site/23021",
"23022","NM83NW 7","Lismore, Aon Garbh","Cist (Period Unassigned)","180390","737720","ARGYLL AND BUTE","ARGYLL","LISMORE AND APPIN (ARGYLL AND BUTE)","NM 8039 3772","http://canmore.org.uk/site/23022",
"23023","NM83NW 8","Lismore, Eilean Na Cloiche","Cave (Period Unassigned), Cist (Period Unassigned)(Possible), Midden (Period Unassigned)(Possible)","183820","738330","ARGYLL AND BUTE","ARGYLL","LISMORE AND APPIN (ARGYLL AND BUTE)","NM 8382 3833","http://canmore.org.uk/site/23023",
"23024","NM83NW 9","Eilean Na Cloiche","Enclosure (Period Unassigned)","183830","738310","ARGYLL AND BUTE","ARGYLL","LISMORE AND APPIN (ARGYLL AND BUTE)","NM 8383 3831","http://canmore.org.uk/site/23024",
"23079","NM84NE 2","Lismore, Park","Dun (Period Unassigned)(Possible), Enclosure (Period Unassigned)","188760","745880","ARGYLL AND BUTE","ARGYLL","LISMORE AND APPIN (ARGYLL AND BUTE)","NM 8876 4588","http://canmore.org.uk/site/23079",
"23084","NM84SE 11","Lismore, Cnoc Aingil","Cinerary Urn","186000","743000","ARGYLL AND BUTE","ARGYLL","LISMORE AND APPIN (ARGYLL AND BUTE)","NM 86 43","http://canmore.org.uk/site/23084",
"23086","NM84SE 13","Lismore, Cnoc Aingil","Cairn (Period Unassigned)","186380","743970","ARGYLL AND BUTE","ARGYLL","LISMORE AND APPIN (ARGYLL AND BUTE)","NM 8638 4397","http://canmore.org.uk/site/23086",
"23087","NM84SE 14","Lismore, Loch Baile A'ghobhainn","Cairn (Period Unassigned)(Possible)","185250","741830","ARGYLL AND BUTE","ARGYLL","LISMORE AND APPIN (ARGYLL AND BUTE)","NM 8525 4183","http://canmore.org.uk/site/23087",
"23088","NM84SE 15","Lismore, Castle Coeffin","Cultivation Remains (Period Unassigned), Fort (Period Unassigned)","185490","743870","ARGYLL AND BUTE","ARGYLL","LISMORE AND APPIN (ARGYLL AND BUTE)","NM 8549 4387","http://canmore.org.uk/site/23088",
"23089","NM84SE 16","Lismore, Clachan","Burial Ground (Period Unassigned), Chapel (Period Unassigned)(Possible), Cross (Period Unassigned)","186070","743440","ARGYLL AND BUTE","ARGYLL","LISMORE AND APPIN (ARGYLL AND BUTE)","NM 8607 4344","http://canmore.org.uk/site/23089",
"23090","NM84SE 17","Lismore, Clach Na H'eala, Clachan","Sanctuary Marker (Period Unassigned)","186090","743420","ARGYLL AND BUTE","ARGYLL","LISMORE AND APPIN (ARGYLL AND BUTE)","NM 8609 4342","http://canmore.org.uk/site/23090",
"23091","NM84SE 18","Lismore, Clachan","Nunnery (Period Unassigned)(Possible)","186100","743400","ARGYLL AND BUTE","ARGYLL","LISMORE AND APPIN (ARGYLL AND BUTE)","NM 861 434","http://canmore.org.uk/site/23091",
"23092","NM84SE 19","Lismore, Clachan","Font (Period Unassigned)(Possible)","186000","743400","ARGYLL AND BUTE","ARGYLL","LISMORE AND APPIN (ARGYLL AND BUTE)","NM 860 434","http://canmore.org.uk/site/23092",
"23097","NM84SE 23","Lismore","Standing Stone (Prehistoric)","186200","743500","ARGYLL AND BUTE","ARGYLL","LISMORE AND APPIN (ARGYLL AND BUTE)","NM 862 435","http://canmore.org.uk/site/23097",
"23099","NM84SE 4","Lismore, Killandrist, St Andrew's Chapel","Chapel (Period Unassigned), Well (Period Unassigned)","185890","742730","ARGYLL AND BUTE","ARGYLL","LISMORE AND APPIN (ARGYLL AND BUTE)","NM 8589 4273","http://canmore.org.uk/site/23099",
"23104","NM84SE 9","Lismore, Clachan","Burial Ground (Period Unassigned)(Possible), Enclosure (Period Unassigned)","185610","743020","ARGYLL AND BUTE","ARGYLL","LISMORE AND APPIN (ARGYLL AND BUTE)","NM 8561 4302","http://canmore.org.uk/site/23104",
"23105","NM84SW 1","Dun Mor, Balygrundle, Lismore","Dun (Period Unassigned)","183720","740030","ARGYLL AND BUTE","ARGYLL","LISMORE AND APPIN (ARGYLL AND BUTE)","NM 8372 4003","http://canmore.org.uk/site/23105",
"23106","NM84SW 2","Lismore, Dun Cuilein","Dun (Period Unassigned)","182500","740180","ARGYLL AND BUTE","ARGYLL","LISMORE AND APPIN (ARGYLL AND BUTE)","NM 8250 4018","http://canmore.org.uk/site/23106",
"23107","NM84SW 3","Lismore, Killean, Cill An T-suidhe","Burial Ground (Period Unassigned), Chapel (Period Unassigned)(Possible)","184830","740510","ARGYLL AND BUTE","ARGYLL","LISMORE AND APPIN (ARGYLL AND BUTE)","NM 8483 4051","http://canmore.org.uk/site/23107",
"23108","NM84SW 4","Lismore, Creag An Fhithich","Cairn (Period Unassigned)","183250","740090","ARGYLL AND BUTE","ARGYLL","LISMORE AND APPIN (ARGYLL AND BUTE)","NM 8325 4009","http://canmore.org.uk/site/23108",
"23109","NM84SW 5","Lismore, Balliveolan","Enclosure (Period Unassigned)","183820","741260","ARGYLL AND BUTE","ARGYLL","LISMORE AND APPIN (ARGYLL AND BUTE)","NM 8382 4126","http://canmore.org.uk/site/23109",
"23110","NM84SW 6","Lismore","Findspot, Pin(S) (Bronze)","181000","740000","ARGYLL AND BUTE","ARGYLL","LISMORE AND APPIN (ARGYLL AND BUTE)","NM 81 40","http://canmore.org.uk/site/23110",
"23112","NM84SW 80","Lismore, Balliveolan","Building(S) (Period Unassigned), Farmstead(S) (Period Unassigned), Lime Kiln(S) (Period Unassigned), Rig And Furrow (Medieval), Smithy (Period Unassigned), Township (Period Unassigned)","184200","741700","ARGYLL AND BUTE","ARGYLL","LISMORE AND APPIN (ARGYLL AND BUTE)","NM 842 417","http://canmore.org.uk/site/23112",
"23296","NM94NW 16","Port Appin","Landing Point (Period Unassigned)","190000","745000","ARGYLL AND BUTE","ARGYLL","LISMORE AND APPIN (ARGYLL AND BUTE)","NM 90 45","http://canmore.org.uk/site/23296",
"23301","NM94NW 5","Portnacroish","Chambered Cairn (Neolithic)","192500","747300","ARGYLL AND BUTE","ARGYLL","LISMORE AND APPIN (ARGYLL AND BUTE)","NM 925 473","http://canmore.org.uk/site/23301",
"23342","NN04NE 1","Bealach Na H-innsig","Hut Circle(S) (Prehistoric)(Possible), Platform(S) (Period Unassigned), Shieling Hut(S) (Post Medieval)","207300","748500","ARGYLL AND BUTE","ARGYLL","ARDCHATTAN AND MUCKAIRN (ARGYLL AND BUTE)","NN 073 485","http://canmore.org.uk/site/23342",
"23536","NN04NW 2","Balliveolan","Burial Ground (Period Unassigned)","200740","745300","ARGYLL AND BUTE","ARGYLL","ARDCHATTAN AND MUCKAIRN (ARGYLL AND BUTE)","NN 0074 4530","http://canmore.org.uk/site/23536",
"23538","NN04NW 4","Glenure","Bridge (Period Unassigned)","204520","748000","ARGYLL AND BUTE","ARGYLL","ARDCHATTAN AND MUCKAIRN (ARGYLL AND BUTE)","NN 0452 4800","http://canmore.org.uk/site/23538",
"23540","NN04SW 1","Druimavuic Cottage","Clearance Cairn (Period Unassigned)","200650","744700","ARGYLL AND BUTE","ARGYLL","ARDCHATTAN AND MUCKAIRN (ARGYLL AND BUTE)","NN 0065 4470","http://canmore.org.uk/site/23540",
"23549","NN05NE 6","Cnocan Dubha","Fort (Period Unassigned)","207990","758510","HIGHLAND","ARGYLL","LISMORE AND APPIN (LOCHABER)","NN 0799 5851","http://canmore.org.uk/site/23549",
"23557","NN05NW 4","Ballachulish House","Cist (Period Unassigned), Kerb Cairn (Prehistoric)","204880","759510","HIGHLAND","ARGYLL","LISMORE AND APPIN (LOCHABER)","NN 0488 5951","http://canmore.org.uk/site/23557",
"23560","NN05SE 2","Glen Creran","Platform(S) (Period Unassigned)","208100","751200","ARGYLL AND BUTE","ARGYLL","ARDCHATTAN AND MUCKAIRN (ARGYLL AND BUTE)","NN 081 512","http://canmore.org.uk/site/23560",
"23686","NN13NE 1","Airidh Nan Sileag","Shieling Hut(S) (Post Medieval)","219100","735300","ARGYLL AND BUTE","ARGYLL","GLENORCHY AND INISHAIL (ARGYLL AND BUTE)","NN 191 353","http://canmore.org.uk/site/23686",
"23687","NN13NE 2","Allt Riabhach","Shieling Hut(S) (Post Medieval)","219900","736200","ARGYLL AND BUTE","ARGYLL","GLENORCHY AND INISHAIL (ARGYLL AND BUTE)","NN 199 362","http://canmore.org.uk/site/23687",
"23688","NN13SE 1","Leirg Nan Giubhas","Shieling Hut(S) (Post Medieval)","219300","732880","ARGYLL AND BUTE","ARGYLL","GLENORCHY AND INISHAIL (ARGYLL AND BUTE)","NN 1930 3288","http://canmore.org.uk/site/23688",
"23694","NN15SE 1","Glencoe, Lairig Eilde","Cairn(S) (Period Unassigned)","217013","753517","HIGHLAND","ARGYLL","ARDCHATTAN AND MUCKAIRN (LOCHABER)","NN 17013 53517","http://canmore.org.uk/site/23694",
"23770","NN23NW 1","Airidh Challtuinn","Shieling Hut(S) (Post Medieval)","219900","735800","ARGYLL AND BUTE","ARGYLL","GLENORCHY AND INISHAIL (ARGYLL AND BUTE)","NN 199 358","http://canmore.org.uk/site/23770",
"32326","NO35SE 40","Roundyhill, Lismore","Term Pending","337770","750010","ANGUS","ANGUS","KIRRIEMUIR","NO 3777 5001","http://canmore.org.uk/site/32326",
"73087","NM95SE 60","Keil","Building(S) (Period Unassigned), Cairn(S) (Period Unassigned), Quarry (Period Unassigned), Rig And Furrow (Medieval)","197100","753320","HIGHLAND","ARGYLL","LISMORE AND APPIN (LOCHABER)","NM 9710 5332","http://canmore.org.uk/site/73087",
"73932","NM43NW 25","A' Chrannag, Ulva","Findspot, Polished Axehead (Basalt)","143050","738050","ARGYLL AND BUTE","ARGYLL","KILNINIAN AND KILMORE","NM 4305 3805","http://canmore.org.uk/site/73932",
"76655","NM73NE 7","Lismore, Druim Nan Damh, Sloc A' Bhrighide","Farmstead (Period Unassigned)","179950","736640","ARGYLL AND BUTE","ARGYLL","LISMORE AND APPIN (ARGYLL AND BUTE)","NM 7995 3664","http://canmore.org.uk/site/76655",
"76660","NM83NW 25","Lismore, Fiart","Township (Period Unassigned)","181140","737480","ARGYLL AND BUTE","ARGYLL","LISMORE AND APPIN (ARGYLL AND BUTE)","NM 8114 3748","http://canmore.org.uk/site/76660",
"76662","NM83NW 26","Lismore, Achadun","Cultivation Remains (Period Unassigned), Farmstead (Period Unassigned)","180500","738790","ARGYLL AND BUTE","ARGYLL","LISMORE AND APPIN (ARGYLL AND BUTE)","NM 8050 3879","http://canmore.org.uk/site/76662",
"76702","NM84SE 24","Lismore, Clachan","Building(S) (Period Unassigned), Cultivation Remains (Period Unassigned)","186000","743500","ARGYLL AND BUTE","ARGYLL","LISMORE AND APPIN (ARGYLL AND BUTE)","NM 860 435","http://canmore.org.uk/site/76702",
"76790","NM43NW 29","Am Breideanach, Ulva","Kiln (Period Unassigned)","141650","737850","ARGYLL AND BUTE","ARGYLL","KILNINIAN AND KILMORE","NM 4165 3785","http://canmore.org.uk/site/76790",
"76937","NM43NW 28","Ormaig, Ulva","Kiln Barn (Period Unassigned)","141960","738450","ARGYLL AND BUTE","ARGYLL","KILNINIAN AND KILMORE","NM 4196 3845","http://canmore.org.uk/site/76937",
"78544","NM43NW 23","Ulva Manse","Manse (Period Unassigned)","143661","739736","ARGYLL AND BUTE","ARGYLL","KILNINIAN AND KILMORE","NM 43661 39736","http://canmore.org.uk/site/78544",
"79914","NM33NE 2","Rubh' A' Charnain, Ulva","Cairnfield (Period Unassigned)","139540","738660","ARGYLL AND BUTE","ARGYLL","KILNINIAN AND KILMORE","NM 3954 3866","http://canmore.org.uk/site/79914",
"79915","NM33NE 3","Ulva","Shieling Hut(S) (Post Medieval)","137700","739900","ARGYLL AND BUTE","ARGYLL","KILNINIAN AND KILMORE","NM 377 399","http://canmore.org.uk/site/79915",
"80189","NM95SE 61","Keil","Hut Circle (Prehistoric)(Possible)","198200","753120","HIGHLAND","ARGYLL","LISMORE AND APPIN (LOCHABER)","NM 9820 5312","http://canmore.org.uk/site/80189",
"81103","NN29NE 5","Fort William - Fort Augustus - Inverness Military Road","Military Road (18th Century)","228700","796000","HIGHLAND","INVERNESS-SHIRE","KILMONIVAIG","NN 2870 9600","http://canmore.org.uk/site/81103",
"87725","NN15NW 5","Glencoe, An Torr","Building (Period Unassigned)","212300","756500","HIGHLAND","ARGYLL","LISMORE AND APPIN (LOCHABER)","NN 123 565","http://canmore.org.uk/site/87725",
"87726","NN15NW 6","Glencoe, An-t-sron","Shieling Hut (Post Medieval), Spring (Period Unassigned)","212630","756230","HIGHLAND","ARGYLL","LISMORE AND APPIN (LOCHABER)","NN 1263 5623","http://canmore.org.uk/site/87726",
"87727","NN05NW 8","Sgorr Dhonuill","Wall (Period Unassigned)","203000","755570","HIGHLAND","ARGYLL","LISMORE AND APPIN (LOCHABER)","NN 0300 5557","http://canmore.org.uk/site/87727",
"94954","NM84SE 27","Lismore, Balnagown Mill","Watermill (19th Century)","185645","741853","ARGYLL AND BUTE","ARGYLL","LISMORE AND APPIN (ARGYLL AND BUTE)","NM 85645 41853","http://canmore.org.uk/site/94954",
"102428","NM73NE 8004","Unknown: Liath Sgeir, Lynn Of Morvern","Craft","177548","737266","ARGYLL AND BUTE","NOT APPLICABLE","MARITIME - ARGYLL AND BUTE","NM 77548 37266","http://canmore.org.uk/site/102428",
"102570","NM83SW 8007","Hmt Appletree: Firth Of Lorn","Requisitioned Steam Drifter (20th Century)","180900","734500","ARGYLL AND BUTE","NOT APPLICABLE","MARITIME - ARGYLL AND BUTE","NM 809 345","http://canmore.org.uk/site/102570",
"102584","NM84SE 8001","Unknown: Achnacroish Pier, Lismore, Lynn Of Lorn","Landing Craft (20th Century)","185251","741082","ARGYLL AND BUTE","NOT APPLICABLE","MARITIME - ARGYLL AND BUTE","NM 85251 41082","http://canmore.org.uk/site/102584",
"105443","NN05NE 160","South Ballachulish, Ballachulish Hotel","Hotel (Period Unassigned)","205061","759632","HIGHLAND","ARGYLL","LISMORE AND APPIN (LOCHABER)","NN 05061 59632","http://canmore.org.uk/site/105443",
"108566","NM48NE 191","Eigg, Kildonnan","Cross (Medieval)","148877","785329","HIGHLAND","INVERNESS-SHIRE","SMALL ISLES","NM 48877 85329","http://canmore.org.uk/site/108566",
"109674","NN05NE 28","South Ballachulish, James Of The Glens Memorial","Commemorative Monument (Period Unassigned)","205172","759617","HIGHLAND","ARGYLL","LISMORE AND APPIN (LOCHABER)","NN 05172 59617","http://canmore.org.uk/site/109674",
"111561","NN15SE 4","Glencoe, Allt Gartain","Structure (Period Unassigned)","217240","751590","HIGHLAND","ARGYLL","ARDCHATTAN AND MUCKAIRN (LOCHABER)","NN 1724 5159","http://canmore.org.uk/site/111561",
"111562","NN15SE 5","Glencoe, Lairig Eilde","Structure (Period Unassigned)","216960","753480","HIGHLAND","ARGYLL","ARDCHATTAN AND MUCKAIRN (LOCHABER)","NN 1696 5348","http://canmore.org.uk/site/111562",
"111563","NN15SE 6","Glencoe, Glen Etive","Enclosure (Period Unassigned), Rig And Furrow (Medieval)","218317","751107","HIGHLAND","ARGYLL","ARDCHATTAN AND MUCKAIRN (LOCHABER)","NN 18317 51107","http://canmore.org.uk/site/111563",
"111565","NN15SE 8","Glencoe, Dalness Chasm","Platform (Period Unassigned), Shieling Hut(S) (Post Medieval), Structure (Period Unassigned)","219330","751360","HIGHLAND","ARGYLL","ARDCHATTAN AND MUCKAIRN (LOCHABER)","NN 1933 5136","http://canmore.org.uk/site/111565",
"111566","NN15SE 9","Glencoe, Eas Na Doire Moire","Structure(S) (Period Unassigned)","219730","751360","HIGHLAND","ARGYLL","ARDCHATTAN AND MUCKAIRN (LOCHABER)","NN 1973 5136","http://canmore.org.uk/site/111566",
"111598","NN25SW 2","Glencoe, Eas A' Bhodaich","Structure(S) (Period Unassigned)","220260","751400","HIGHLAND","ARGYLL","ARDCHATTAN AND MUCKAIRN (LOCHABER)","NN 2026 5140","http://canmore.org.uk/site/111598",
"111599","NN25SW 3","Glencoe, Eas Blar Eite","Enclosure (Period Unassigned)","221090","751780","HIGHLAND","ARGYLL","ARDCHATTAN AND MUCKAIRN (LOCHABER)","NN 2109 5178","http://canmore.org.uk/site/111599",
"111601","NN25SW 5","Glencoe, River Etive","Building (Period Unassigned)","223700","753480","HIGHLAND","ARGYLL","ARDCHATTAN AND MUCKAIRN (LOCHABER)","NN 2370 5348","http://canmore.org.uk/site/111601",
"111602","NN25SW 6","Glencoe, River Coupall","Structure (Period Unassigned)","220220","754590","HIGHLAND","ARGYLL","ARDCHATTAN AND MUCKAIRN (LOCHABER)","NN 2022 5459","http://canmore.org.uk/site/111602",
"111604","NN15NE 5","Glencoe, Allt Coire Meannarclach","Enclosure (Period Unassigned), Structure (Period Unassigned)","218800","756250","HIGHLAND","ARGYLL","LISMORE AND APPIN (LOCHABER)","NN 1880 5625","http://canmore.org.uk/site/111604",
"111605","NN15NE 60","Glencoe, Allt-na-ruigh","Pillbox (20th Century)","217380","756669","HIGHLAND","ARGYLL","LISMORE AND APPIN (LOCHABER)","NN 17380 56669","http://canmore.org.uk/site/111605",
"111606","NN15NE 7","Pass Of Glencoe","Dyke (Period Unassigned)","216930","756850","HIGHLAND","ARGYLL","LISMORE AND APPIN (LOCHABER)","NN 1693 5685","http://canmore.org.uk/site/111606",
"111607","NN15NE 8","Pass Of Glencoe","Structure (Period Unassigned)","216810","756810","HIGHLAND","ARGYLL","LISMORE AND APPIN (LOCHABER)","NN 16810 56810","http://canmore.org.uk/site/111607",
"111608","NN15NE 9","Glencoe, Am Bodach","Structure (Period Unassigned)","216470","757570","HIGHLAND","ARGYLL","LISMORE AND APPIN (LOCHABER)","NN 1647 5757","http://canmore.org.uk/site/111608",
"111609","NN15NE 10","Glencoe, Achtriochtan","Dyke(S) (Period Unassigned), Farmstead (Period Unassigned), Structure(S) (Period Unassigned)","215900","756900","HIGHLAND","ARGYLL","LISMORE AND APPIN (LOCHABER)","NN 1590 5690","http://canmore.org.uk/site/111609",
"111610","NN15NE 11","Glencoe, Achtriochtan","Enclosure (Period Unassigned)","215741","756817","HIGHLAND","ARGYLL","LISMORE AND APPIN (LOCHABER)","NN 15741 56817","http://canmore.org.uk/site/111610",
"111616","NN15NE 12","Glencoe, Achtriochtan","Enclosure (Period Unassigned)","215580","757190","HIGHLAND","ARGYLL","LISMORE AND APPIN (LOCHABER)","NN 1558 5719","http://canmore.org.uk/site/111616",
"111617","NN15NE 13","Glencoe, Glen Coe","Enclosure(S) (Period Unassigned), Farmstead (Period Unassigned)","215207","757192","HIGHLAND","ARGYLL","LISMORE AND APPIN (LOCHABER)","NN 15207 57192","http://canmore.org.uk/site/111617",
"111626","NN15NW 21","Glencoe, Achnambeithach","Dyke(S) (Period Unassigned), Farmhouse (Period Unassigned), Farmstead (Period Unassigned), Township (Period Unassigned)(Possible)","213984","756483","HIGHLAND","ARGYLL","LISMORE AND APPIN (LOCHABER)","NN 13984 56483","http://canmore.org.uk/site/111626",
"111630","NN15NW 23","Glencoe, Stroan","Rig And Furrow (Medieval)","213700","756500","HIGHLAND","ARGYLL","LISMORE AND APPIN (LOCHABER)","NN 137 565","http://canmore.org.uk/site/111630",
"111632","NN15NW 25","Glencoe, Stroan","Building (Period Unassigned), Structure(S) (Period Unassigned)","212860","756230","HIGHLAND","ARGYLL","LISMORE AND APPIN (LOCHABER)","NN 1286 5623","http://canmore.org.uk/site/111632",
"111633","NN15NW 26","Glencoe, Clachaig","Dyke (Period Unassigned), Enclosure (Period Unassigned)","213089","756705","HIGHLAND","ARGYLL","LISMORE AND APPIN (LOCHABER)","NN 13089 56705","http://canmore.org.uk/site/111633",
"111635","NN15NW 28","Glencoe, Clachaig","Structure (Period Unassigned)","213250","756820","HIGHLAND","ARGYLL","LISMORE AND APPIN (LOCHABER)","NN 1325 5682","http://canmore.org.uk/site/111635",
"111637","NN15NW 30","Glencoe, Achnacon","Structure (Period Unassigned)","211580","756550","HIGHLAND","ARGYLL","LISMORE AND APPIN (LOCHABER)","NN 1158 5655","http://canmore.org.uk/site/111637",
"111638","NN15NW 31","Glencoe, Achnacon","Structure (Period Unassigned)","211270","757290","HIGHLAND","ARGYLL","LISMORE AND APPIN (LOCHABER)","NN 1127 5729","http://canmore.org.uk/site/111638",
"111641","NN15NW 33","Glencoe, Coire Nan Cuile","Millstone","210100","756500","HIGHLAND","ARGYLL","LISMORE AND APPIN (LOCHABER)","NN 101 565","http://canmore.org.uk/site/111641",
"111642","NN15NW 34","Glencoe, Coire Nan Cuile","Still (Period Unassigned)(Possible)","210100","756450","HIGHLAND","ARGYLL","LISMORE AND APPIN (LOCHABER)","NN 1010 5645","http://canmore.org.uk/site/111642",
"111643","NN05SE 4","Glencoe, Meall A' Bhuige","Shieling Hut(S) (Post Medieval)","209900","754500","HIGHLAND","ARGYLL","LISMORE AND APPIN (LOCHABER)","NN 099 545","http://canmore.org.uk/site/111643",
"111644","NN05SE 5","Glencoe, Meall Lighiche","Shieling Hut (Post Medieval)(Possible)","209610","754310","HIGHLAND","ARGYLL","LISMORE AND APPIN (LOCHABER)","NN 0961 5431","http://canmore.org.uk/site/111644",
"111645","NN15SW 1","Glencoe, Allt Na Muidhe","Shieling Hut(S) (Post Medieval)","210040","754350","HIGHLAND","ARGYLL","LISMORE AND APPIN (LOCHABER)","NN 10040 54350","http://canmore.org.uk/site/111645",
"111646","NN15SW 2","Allt Na Muidhe","Platform(S) (Period Unassigned), Rig And Furrow (Medieval), Shieling Hut(S) (Post Medieval)(Possible)","210500","754600","HIGHLAND","ARGYLL","LISMORE AND APPIN (LOCHABER)","NN 105 546","http://canmore.org.uk/site/111646",
"111647","NN15NW 35","Meall Mor","Platform(S) (Period Unassigned), Shieling Hut(S) (Post Medieval)(Possible)","210766","755157","HIGHLAND","ARGYLL","LISMORE AND APPIN (LOCHABER)","NN 10766 55157","http://canmore.org.uk/site/111647",
"111648","NN15NW 36","Meall Mor","Structure (Period Unassigned)","211200","755200","HIGHLAND","ARGYLL","LISMORE AND APPIN (LOCHABER)","NN 112 552","http://canmore.org.uk/site/111648",
"111649","NN15NW 37","Glencoe, Gleann Leac Na Muidhe","Dyke (Period Unassigned), Track (Period Unassigned)","211402","755441","HIGHLAND","ARGYLL","LISMORE AND APPIN (LOCHABER)","NN 11402 55441","http://canmore.org.uk/site/111649",
"111650","NN15NW 38","Glencoe, Gleann Leac Na Muidhe","Enclosure (Period Unassigned), Rig And Furrow (Medieval)","211817","756077","HIGHLAND","ARGYLL","LISMORE AND APPIN (LOCHABER)","NN 11817 56077","http://canmore.org.uk/site/111650",
"117166","NN06NW 3","Allt Coire Nan Cadrach","Dyke (Period Unassigned), Farmstead (Period Unassigned), Township (Period Unassigned)","204880","766040","HIGHLAND","INVERNESS-SHIRE","KILMALLIE","NN 0488 6604","http://canmore.org.uk/site/117166",
"118065","NM84NE 8001","Anne Catherine: Port Ramsay Bay, Lismore, Loch Linnhe","Smack (19th Century)","188000","745000","ARGYLL AND BUTE","NOT APPLICABLE","MARITIME - ARGYLL AND BUTE","NM 88 45","http://canmore.org.uk/site/118065",
"118075","NM73NE 8010","Flowerdale: Loch Linnhe","Steamship (20th Century)","179000","739000","ARGYLL AND BUTE","NOT APPLICABLE","MARITIME - ARGYLL AND BUTE","NM 79 39","http://canmore.org.uk/site/118075",
"118078","NM73NE 8005","George A West: Liath Sgeir, Lynn Of Morvern","Steam Trawler (20th Century)","178000","737100","ARGYLL AND BUTE","NOT APPLICABLE","MARITIME - ARGYLL AND BUTE","NM 780 371","http://canmore.org.uk/site/118078",
"118079","NM83SW 8016","Glencoe: Firth Of Lorn","Steam Yacht (19th Century)","182000","734000","ARGYLL AND BUTE","NOT APPLICABLE","MARITIME - ARGYLL AND BUTE","NM 82 34","http://canmore.org.uk/site/118079",
"118088","NM73NE 8006","Mayfly: Liath Sgeir, Lynn Of Morvern","Steam Yacht (19th Century)","178000","737100","ARGYLL AND BUTE","NOT APPLICABLE","MARITIME - ARGYLL AND BUTE","NM 780 371","http://canmore.org.uk/site/118088",
"119223","NM83SW 8011","Solway Firth: Firth Of Lorn","Motor Fishing Vessel (20th Century)","180200","733000","ARGYLL AND BUTE","NOT APPLICABLE","MARITIME - ARGYLL AND BUTE","NM 802 330","http://canmore.org.uk/site/119223",
"119228","NM73NE 8002","St Joseph: Liath Sgeir, Lynn Of Morvern","Steamship (20th Century)","178000","737100","ARGYLL AND BUTE","NOT APPLICABLE","MARITIME - ARGYLL AND BUTE","NM 780 371","http://canmore.org.uk/site/119228",
"120289","NN16SE 20","Stirling - Tyndrum - Fort William Military Road","Military Road (18th Century)","217000","763080","HIGHLAND","INVERNESS-SHIRE","KILMALLIE","NN 1700 6308","http://canmore.org.uk/site/120289",
"120300","NN16SE 38","Creag An T-sionnaich","Spigot Mortar Mounting (20th Century)(Possible)","217500","761730","HIGHLAND","ARGYLL","LISMORE AND APPIN (LOCHABER)","NN 1750 6173","http://canmore.org.uk/site/120300",
"120445","NN26SW 13","Kinlochleven","Prisoner Of War Camp (First World War)","220650","760700","HIGHLAND","INVERNESS-SHIRE","KILMALLIE","NN 2065 6070","http://canmore.org.uk/site/120445",
"127194","NN12NW 340","Dalmally To Bonawe Military Road","Military Road (18th Century)","212000","727170","ARGYLL AND BUTE","ARGYLL","GLENORCHY AND INISHAIL (ARGYLL AND BUTE)","NN 1200 2717","http://canmore.org.uk/site/127194",
"131258","NM33NE 40","Ulva","Corn Drying Kiln (Period Unassigned), Township (Period Unassigned)","139600","739100","ARGYLL AND BUTE","ARGYLL","KILNINIAN AND KILMORE","NM 396 391","http://canmore.org.uk/site/131258",
"141004","NN13SE 2","Inbhir-nan-giubhas","Township (Period Unassigned)","218000","732800","ARGYLL AND BUTE","ARGYLL","GLENORCHY AND INISHAIL (ARGYLL AND BUTE)","NN 180 328","http://canmore.org.uk/site/141004",
"141005","NN04NW 15","St Mary's Church","Settlement (Period Unassigned)","200970","746220","ARGYLL AND BUTE","ARGYLL","LISMORE AND APPIN (ARGYLL AND BUTE)","NN 0097 4622","http://canmore.org.uk/site/141005",
"141010","NN04NW 16","Ath A'chip","Settlement (Period Unassigned)","201100","746100","ARGYLL AND BUTE","ARGYLL","LISMORE AND APPIN (ARGYLL AND BUTE)","NN 011 461","http://canmore.org.uk/site/141010",
"141011","NN04NW 17","Glasdrum","Settlement (Period Unassigned)","201360","746220","ARGYLL AND BUTE","ARGYLL","LISMORE AND APPIN (ARGYLL AND BUTE)","NN 0136 4622","http://canmore.org.uk/site/141011",
"141012","NN04NW 18","Taraphocain","Lead Mine (Period Unassigned)","202000","746000","ARGYLL AND BUTE","ARGYLL","ARDCHATTAN AND MUCKAIRN (ARGYLL AND BUTE)","NN 020 460","http://canmore.org.uk/site/141012",
"141013","NN04NE 2","Allt Bealach Na H-innsig","Shieling Hut(S) (Post Medieval)","207200","748400","ARGYLL AND BUTE","ARGYLL","ARDCHATTAN AND MUCKAIRN (ARGYLL AND BUTE)","NN 072 484","http://canmore.org.uk/site/141013",
"141014","NN04NE 3","Airigh Nan Lochan","Shieling Hut(S) (Post Medieval)","208000","747000","ARGYLL AND BUTE","ARGYLL","ARDCHATTAN AND MUCKAIRN (ARGYLL AND BUTE)","NN 080 470","http://canmore.org.uk/site/141014",
"141016","NN05SE 7","Eas Na Sgoinne","Cultivation Remains (Period Unassigned), Township (Period Unassigned)","205200","750600","ARGYLL AND BUTE","ARGYLL","LISMORE AND APPIN (ARGYLL AND BUTE)","NN 052 506","http://canmore.org.uk/site/141016",
"148508","NS56NE 1036","Glasgow, 1051 Great Western Road, Kelvinside Station","Railway Station (19th Century)","255640","668079","GLASGOW, CITY OF","LANARKSHIRE","GOVAN (CITY OF GLASGOW)","NS 55640 68079","http://canmore.org.uk/site/148508",
"149285","NM83NE 10","Lismore, Sailean Sligenach Cottage","Farmstead (Period Unassigned)","188210","739960","ARGYLL AND BUTE","ARGYLL","LISMORE AND APPIN (ARGYLL AND BUTE)","NM 8821 3996","http://canmore.org.uk/site/149285",
"151241","NM84SE 45","Lismore, Hawthorn House","House (Period Unassigned)","186425","743755","ARGYLL AND BUTE","ARGYLL","LISMORE AND APPIN (ARGYLL AND BUTE)","NM 86425 43755","http://canmore.org.uk/site/151241",
"151975","NM84SW 15","Lismore, Creag An Fhithich","Farmstead (Period Unassigned)","183120","740690","ARGYLL AND BUTE","ARGYLL","LISMORE AND APPIN (ARGYLL AND BUTE)","NM 8312 4069","http://canmore.org.uk/site/151975",
"151976","NM84SW 16","Lismore, Baligrundle","Farmstead (Period Unassigned), Sheep Dip (Period Unassigned)","183530","740840","ARGYLL AND BUTE","ARGYLL","LISMORE AND APPIN (ARGYLL AND BUTE)","NM 8353 4084","http://canmore.org.uk/site/151976",
"151980","NM84SW 17","Lismore, Allt Aogainn","Mill (Period Unassigned)(Possible)","183650","741060","ARGYLL AND BUTE","ARGYLL","LISMORE AND APPIN (ARGYLL AND BUTE)","NM 8365 4106","http://canmore.org.uk/site/151980",
"151981","NM84SW 18","Lismore, Achnacroish","Farmstead (Period Unassigned)","184980","741180","ARGYLL AND BUTE","ARGYLL","LISMORE AND APPIN (ARGYLL AND BUTE)","NM 8498 4118","http://canmore.org.uk/site/151981",
"151982","NM84SW 190","Lismore, Killean","Building (Period Unassigned), Enclosure (Period Unassigned), Farmstead(S) (Period Unassigned), Township (Period Unassigned)","184700","741700","ARGYLL AND BUTE","ARGYLL","LISMORE AND APPIN (ARGYLL AND BUTE)","NM 847 417","http://canmore.org.uk/site/151982",
"151988","NM84SE 29","Lismore, Balnagown","Farmstead (Period Unassigned)","185410","741980","ARGYLL AND BUTE","ARGYLL","LISMORE AND APPIN (ARGYLL AND BUTE)","NM 8541 4198","http://canmore.org.uk/site/151988",
"151989","NM84SE 30","Lismore, Loch Balie A' Ghobhainn","Farmstead (Period Unassigned)","185900","742290","ARGYLL AND BUTE","ARGYLL","LISMORE AND APPIN (ARGYLL AND BUTE)","NM 8590 4229","http://canmore.org.uk/site/151989",
"151990","NM84SE 31","Lismore, Cnoc A' Chrochaidh","Building (Period Unassigned)","185780","742970","ARGYLL AND BUTE","ARGYLL","LISMORE AND APPIN (ARGYLL AND BUTE)","NM 8578 4297","http://canmore.org.uk/site/151990",
"151991","NM84SW 10","Lismore, Balygrundle","Farmstead (Period Unassigned), Sheepfold (Period Unassigned)","184360","740130","ARGYLL AND BUTE","ARGYLL","LISMORE AND APPIN (ARGYLL AND BUTE)","NM 8436 4013","http://canmore.org.uk/site/151991",
"151992","NM84SW 11","Lismore, Balygrundle","Farmstead (Period Unassigned), Sheepfold (Period Unassigned)","183910","740090","ARGYLL AND BUTE","ARGYLL","LISMORE AND APPIN (ARGYLL AND BUTE)","NM 8391 4009","http://canmore.org.uk/site/151992",
"151993","NM83NW 29","Lismore, Mid Achinduin","Township (Period Unassigned)","181370","739350","ARGYLL AND BUTE","ARGYLL","LISMORE AND APPIN (ARGYLL AND BUTE)","NM 8137 3935","http://canmore.org.uk/site/151993",
"151994","NM83NW 30","Lismore, Druim An Uinnsinn","Kiln (Period Unassigned)(Possible), Township (Period Unassigned)(Possible)","182000","739400","ARGYLL AND BUTE","ARGYLL","LISMORE AND APPIN (ARGYLL AND BUTE)","NM 820 394","http://canmore.org.uk/site/151994",
"151996","NM84SW 12","Lismore, Creag An Fhithich","Enclosure (Period Unassigned), Farmstead (Period Unassigned)","183500","740140","ARGYLL AND BUTE","ARGYLL","LISMORE AND APPIN (ARGYLL AND BUTE)","NM 8350 4014","http://canmore.org.uk/site/151996",
"151997","NM84SW 13","Lismore, Creag An Fhithich","Building (Period Unassigned)","183830","740450","ARGYLL AND BUTE","ARGYLL","LISMORE AND APPIN (ARGYLL AND BUTE)","NM 8383 4045","http://canmore.org.uk/site/151997",
"152003","NM83NW 37","Lismore, Loch Fiart","Farmstead (Period Unassigned)","181400","738000","ARGYLL AND BUTE","ARGYLL","LISMORE AND APPIN (ARGYLL AND BUTE)","NM 814 380","http://canmore.org.uk/site/152003",
"152004","NM83NW 36","Lismore, Rubha Na Gaoith","Township (Period Unassigned)","181300","737300","ARGYLL AND BUTE","ARGYLL","LISMORE AND APPIN (ARGYLL AND BUTE)","NM 813 373","http://canmore.org.uk/site/152004",
"152013","NM83NW 33","Lismore, Kilcheran Loch","Building (Period Unassigned), Wall (Period Unassigned)","183240","739770","ARGYLL AND BUTE","ARGYLL","LISMORE AND APPIN (ARGYLL AND BUTE)","NM 8324 3977","http://canmore.org.uk/site/152013",
"152014","NM83NW 34","Lismore, Baligrundle","Farmstead (Period Unassigned)","183550","739600","ARGYLL AND BUTE","ARGYLL","LISMORE AND APPIN (ARGYLL AND BUTE)","NM 8355 3960","http://canmore.org.uk/site/152014",
"152016","NM83NW 32","Lismore, Kilcheran Loch","Farmstead (Period Unassigned)","183050","739740","ARGYLL AND BUTE","ARGYLL","LISMORE AND APPIN (ARGYLL AND BUTE)","NM 8305 3974","http://canmore.org.uk/site/152016",
"152049","NM83NW 38","Lismore, Loch Fiart","Farmstead (Period Unassigned)","181700","737900","ARGYLL AND BUTE","ARGYLL","LISMORE AND APPIN (ARGYLL AND BUTE)","NM 817 379","http://canmore.org.uk/site/152049",
"152050","NM83NW 39","Lismore, Loch Fiart","Building (Period Unassigned)","181160","737980","ARGYLL AND BUTE","ARGYLL","LISMORE AND APPIN (ARGYLL AND BUTE)","NM 8116 3798","http://canmore.org.uk/site/152050",
"152222","NM84SE 43","Lismore, Sliabh Nam Bam-fionn","Farmstead (Period Unassigned)","186770","744580","ARGYLL AND BUTE","ARGYLL","LISMORE AND APPIN (ARGYLL AND BUTE)","NM 8677 4458","http://canmore.org.uk/site/152222",
"152259","NM83NW 35","Lismore, Druim Na Curra","Farmstead (Period Unassigned)","180410","736980","ARGYLL AND BUTE","ARGYLL","LISMORE AND APPIN (ARGYLL AND BUTE)","NM 8041 3698","http://canmore.org.uk/site/152259",
"152274","NM83NW 40","Lismore, Lochan Treshtil","Building (Period Unassigned)","181920","737940","ARGYLL AND BUTE","ARGYLL","LISMORE AND APPIN (ARGYLL AND BUTE)","NM 8192 3794","http://canmore.org.uk/site/152274",
"152275","NM83NW 41","Lismore, Lochan Treshtil","Building (Period Unassigned)","182170","738210","ARGYLL AND BUTE","ARGYLL","LISMORE AND APPIN (ARGYLL AND BUTE)","NM 8217 3821","http://canmore.org.uk/site/152275",
"152276","NM83NW 42","Lismore, Lochan Treshtil","Farmstead (Period Unassigned)","181960","738330","ARGYLL AND BUTE","ARGYLL","LISMORE AND APPIN (ARGYLL AND BUTE)","NM 8196 3833","http://canmore.org.uk/site/152276",
"152277","NM84SE 32","Lismore, Tirefour Castle","Farmstead (Period Unassigned)","186500","742770","ARGYLL AND BUTE","ARGYLL","LISMORE AND APPIN (ARGYLL AND BUTE)","NM 8650 4277","http://canmore.org.uk/site/152277",
"152278","NM84SE 33","Lismore, Clachan","Farmstead (Period Unassigned), Sheep Dip (Period Unassigned)","185680","743200","ARGYLL AND BUTE","ARGYLL","LISMORE AND APPIN (ARGYLL AND BUTE)","NM 8568 4320","http://canmore.org.uk/site/152278",
"152279","NM84SE 34","Lismore, Clachan","Township (Period Unassigned)","185400","743300","ARGYLL AND BUTE","ARGYLL","LISMORE AND APPIN (ARGYLL AND BUTE)","NM 854 433","http://canmore.org.uk/site/152279",
"152280","NM84SE 35","Lismore, Baileouchdarach","Farmstead (Period Unassigned)(Possible)","187100","743600","ARGYLL AND BUTE","ARGYLL","LISMORE AND APPIN (ARGYLL AND BUTE)","NM 8710 4360","http://canmore.org.uk/site/152280",
"152281","NM84SE 36","Lismore, St Moluag's Chair","Farmstead (Period Unassigned)","186770","744010","ARGYLL AND BUTE","ARGYLL","LISMORE AND APPIN (ARGYLL AND BUTE)","NM 8677 4401","http://canmore.org.uk/site/152281",
"152282","NM83NW 43","Lismore, Barr Mor","Farmstead (Period Unassigned)(Possible)","181620","738540","ARGYLL AND BUTE","ARGYLL","LISMORE AND APPIN (ARGYLL AND BUTE)","NM 8162 3854","http://canmore.org.uk/site/152282",
"152283","NM83NW 44","Lismore, Kilcheran","Farmstead (Period Unassigned)","182090","738440","ARGYLL AND BUTE","ARGYLL","LISMORE AND APPIN (ARGYLL AND BUTE)","NM 8209 3844","http://canmore.org.uk/site/152283",
"152284","NM83NW 45","Lismore, Kilcheran","Farmstead (Period Unassigned)","182700","738840","ARGYLL AND BUTE","ARGYLL","LISMORE AND APPIN (ARGYLL AND BUTE)","NM 8270 3884","http://canmore.org.uk/site/152284",
"152285","NM83NW 46","Lismore, Mid Farm","Township (Period Unassigned)","181300","739200","ARGYLL AND BUTE","ARGYLL","LISMORE AND APPIN (ARGYLL AND BUTE)","NM 813 392","http://canmore.org.uk/site/152285",
"152291","NM84SE 37","Lismore, Creag Sgeanach","Farmstead (Period Unassigned)","186080","744340","ARGYLL AND BUTE","ARGYLL","LISMORE AND APPIN (ARGYLL AND BUTE)","NM 8608 4434","http://canmore.org.uk/site/152291",
"152292","NM84SE 38","Lismore, Creag Sgeanach","Building (Period Unassigned)","186210","744360","ARGYLL AND BUTE","ARGYLL","LISMORE AND APPIN (ARGYLL AND BUTE)","NM 8621 4436","http://canmore.org.uk/site/152292",
"152294","NM84SE 40","Lismore, Achuaran","Chapel (Period Unassigned), Township (Period Unassigned)","187600","744200","ARGYLL AND BUTE","ARGYLL","LISMORE AND APPIN (ARGYLL AND BUTE)","NM 876 442","http://canmore.org.uk/site/152294",
"152295","NM84SE 41","Lismore, Port Castle","Farmstead (Period Unassigned)","185530","743880","ARGYLL AND BUTE","ARGYLL","LISMORE AND APPIN (ARGYLL AND BUTE)","NM 8553 4388","http://canmore.org.uk/site/152295",
"152296","NM84SE 42","Lismore, Sliabh Nam Bam-fionn","Building (Period Unassigned)","186970","744670","ARGYLL AND BUTE","ARGYLL","LISMORE AND APPIN (ARGYLL AND BUTE)","NM 8697 4467","http://canmore.org.uk/site/152296",
"152300","NM84SW 191","Lismore, Killean","Farmstead (Period Unassigned)","185120","741780","ARGYLL AND BUTE","ARGYLL","LISMORE AND APPIN (ARGYLL AND BUTE)","NM 8512 4178","http://canmore.org.uk/site/152300",
"152301","NM84SW 192","Lismore, Killean","Farmstead (Period Unassigned)","184880","741630","ARGYLL AND BUTE","ARGYLL","LISMORE AND APPIN (ARGYLL AND BUTE)","NM 8488 4163","http://canmore.org.uk/site/152301",
"152302","NM84SW 193","Lismore, Killean","Farmstead (Period Unassigned)","184530","741330","ARGYLL AND BUTE","ARGYLL","LISMORE AND APPIN (ARGYLL AND BUTE)","NM 8453 4133","http://canmore.org.uk/site/152302",
"152303","NM84SW 194","Lismore, Killean","Farmstead (Period Unassigned)","184290","741160","ARGYLL AND BUTE","ARGYLL","LISMORE AND APPIN (ARGYLL AND BUTE)","NM 8429 4116","http://canmore.org.uk/site/152303",
"152304","NM84SW 195","Lismore, Killean","Building (Period Unassigned), Enclosure (Period Unassigned)","184420","741500","ARGYLL AND BUTE","ARGYLL","LISMORE AND APPIN (ARGYLL AND BUTE)","NM 8442 4150","http://canmore.org.uk/site/152304",
"152305","NM84SW 81","Lismore, Balliveolan","Farmstead (Period Unassigned)","185060","742680","ARGYLL AND BUTE","ARGYLL","LISMORE AND APPIN (ARGYLL AND BUTE)","NM 8506 4268","http://canmore.org.uk/site/152305",
"152306","NM84SW 82","Lismore, Balliveolan, Cameron Cottage","Building (Period Unassigned)","185120","742470","ARGYLL AND BUTE","ARGYLL","LISMORE AND APPIN (ARGYLL AND BUTE)","NM 8512 4247","http://canmore.org.uk/site/152306",
"152307","NM84SW 83","Lismore, Balliveolan","Farmstead (Period Unassigned)","184820","742280","ARGYLL AND BUTE","ARGYLL","LISMORE AND APPIN (ARGYLL AND BUTE)","NM 8482 4228","http://canmore.org.uk/site/152307",
"152308","NM84SW 84","Lismore, Balliveolan","Building (Period Unassigned)","184960","742260","ARGYLL AND BUTE","ARGYLL","LISMORE AND APPIN (ARGYLL AND BUTE)","NM 8496 4226","http://canmore.org.uk/site/152308",
"152309","NM84SW 85","Lismore, Balliveolan","Farmstead (Period Unassigned)","184700","742100","ARGYLL AND BUTE","ARGYLL","LISMORE AND APPIN (ARGYLL AND BUTE)","NM 847 421","http://canmore.org.uk/site/152309",
"152310","NM84SW 86","Lismore, Balliveolan","Farmstead (Period Unassigned)","184900","742110","ARGYLL AND BUTE","ARGYLL","LISMORE AND APPIN (ARGYLL AND BUTE)","NM 8490 4211","http://canmore.org.uk/site/152310",
"152311","NM84SW 87","Lismore, Balliveolan","Farmstead (Period Unassigned)","184670","741870","ARGYLL AND BUTE","ARGYLL","LISMORE AND APPIN (ARGYLL AND BUTE)","NM 8467 4187","http://canmore.org.uk/site/152311",
"152312","NM84SW 88","Lismore, Balliveolan","Farmstead (Period Unassigned)","184320","741760","ARGYLL AND BUTE","ARGYLL","LISMORE AND APPIN (ARGYLL AND BUTE)","NM 8432 4176","http://canmore.org.uk/site/152312",
"152313","NM84SW 89","Lismore, Balliveolan","Farmstead (Period Unassigned)","184200","741600","ARGYLL AND BUTE","ARGYLL","LISMORE AND APPIN (ARGYLL AND BUTE)","NM 842 416","http://canmore.org.uk/site/152313",
"152314","NM84SW 810","Lismore, Balliveolan","Farmstead (Period Unassigned)","184050","741400","ARGYLL AND BUTE","ARGYLL","LISMORE AND APPIN (ARGYLL AND BUTE)","NM 8405 4140","http://canmore.org.uk/site/152314",
"152318","NM84SW 814","Lismore, Balliveolan","Farmstead (Period Unassigned)","183590","741540","ARGYLL AND BUTE","ARGYLL","LISMORE AND APPIN (ARGYLL AND BUTE)","NM 8359 4154","http://canmore.org.uk/site/152318",
"152319","NM84SW 815","Lismore, Balliveolan","Building (Period Unassigned)","183740","741810","ARGYLL AND BUTE","ARGYLL","LISMORE AND APPIN (ARGYLL AND BUTE)","NM 8374 4181","http://canmore.org.uk/site/152319",
"152320","NM84SW 816","Lismore, Balliveolan","Smithy (Period Unassigned)","184390","741510","ARGYLL AND BUTE","ARGYLL","LISMORE AND APPIN (ARGYLL AND BUTE)","NM 8439 4151","http://canmore.org.uk/site/152320",
"152321","NM83NW 47","Lismore, Lochan Treshtil","Building (Period Unassigned), Enclosure (Period Unassigned)","182040","738140","ARGYLL AND BUTE","ARGYLL","LISMORE AND APPIN (ARGYLL AND BUTE)","NM 8204 3814","http://canmore.org.uk/site/152321",
"152322","NM84SW 817","Lismore, Balliveolan, Argyll Cottage","Farmstead (Period Unassigned)","184250","741340","ARGYLL AND BUTE","ARGYLL","LISMORE AND APPIN (ARGYLL AND BUTE)","NM 8425 4134","http://canmore.org.uk/site/152322",
"152323","NM84SW 818","Lismore, Balliveolan, Rose Cottage","Farmstead (Period Unassigned)","184180","741220","ARGYLL AND BUTE","ARGYLL","LISMORE AND APPIN (ARGYLL AND BUTE)","NM 8418 4122","http://canmore.org.uk/site/152323",
"153465","NT27SE 4151","Edinburgh, 13 Lismore Avenue","Term Pending","328161.5113","674051.5934","EDINBURGH, CITY OF","MIDLOTHIAN","EDINBURGH (EDINBURGH, CITY OF)","NT 2816 7405","http://canmore.org.uk/site/153465",
"155405","NM84NE 5","Lismore, General","General View","188300","745400","ARGYLL AND BUTE","ARGYLL","LISMORE AND APPIN (ARGYLL AND BUTE)","NM 883 454","http://canmore.org.uk/site/155405",
"155469","NM84SE 46","Lismore, Achnacroish","Village (Period Unassigned)","185100","740900","ARGYLL AND BUTE","ARGYLL","LISMORE AND APPIN (ARGYLL AND BUTE)","NM 851 409","http://canmore.org.uk/site/155469",
"155519","NM84SW 819","Lismore, An Sailean, Quay","Harbour (Period Unassigned), Quay (Period Unassigned)","183540","741460","ARGYLL AND BUTE","ARGYLL","LISMORE AND APPIN (ARGYLL AND BUTE)","NM 8354 4146","http://canmore.org.uk/site/155519",
"155522","NM84SE 47","Lismore, Bachuil House","House (18th Century)","186324","743781","ARGYLL AND BUTE","ARGYLL","LISMORE AND APPIN (ARGYLL AND BUTE)","NM 86324 43781","http://canmore.org.uk/site/155522",
"155524","NM73NE 8","Lismore, Eilean Musdile, Bridge","Bridge (Period Unassigned)","178120","735390","ARGYLL AND BUTE","ARGYLL","LISMORE AND APPIN (ARGYLL AND BUTE)","NM 7812 3539","http://canmore.org.uk/site/155524",
"155542","NM83NW 480","Lismore, Kilcheran House","Farmhouse (Period Unassigned), Farmstead (Period Unassigned), Manse (Period Unassigned)","182443","738783","ARGYLL AND BUTE","ARGYLL","LISMORE AND APPIN (ARGYLL AND BUTE)","NM 82443 38783","http://canmore.org.uk/site/155542",
"155543","NM83NW 481","Lismore, Kilcheran House, Chapel","Chapel (Period Unassigned)","182451","738786","ARGYLL AND BUTE","ARGYLL","LISMORE AND APPIN (ARGYLL AND BUTE)","NM 82451 38786","http://canmore.org.uk/site/155543",
"155546","NM84SE 480","Lismore, Achuaran","House (Period Unassigned)","187920","744490","ARGYLL AND BUTE","ARGYLL","LISMORE AND APPIN (ARGYLL AND BUTE)","NM 8792 4449","http://canmore.org.uk/site/155546",
"155547","NM84SE 481","Lismore, Achuaran Cottage","Cottage (Period Unassigned)","187980","744500","ARGYLL AND BUTE","ARGYLL","LISMORE AND APPIN (ARGYLL AND BUTE)","NM 8798 4450","http://canmore.org.uk/site/155547",
"155549","NM84SE 49","Lismore, Balnagown","Farmstead (Period Unassigned)","185630","741880","ARGYLL AND BUTE","ARGYLL","LISMORE AND APPIN (ARGYLL AND BUTE)","NM 8563 4188","http://canmore.org.uk/site/155549",
"155551","NM84SE 50","Lismore, Cameron Monument","Commemorative Monument (Period Unassigned)","185530","741560","ARGYLL AND BUTE","ARGYLL","LISMORE AND APPIN (ARGYLL AND BUTE)","NM 8553 4156","http://canmore.org.uk/site/155551",
"155559","NM84NE 12","Lismore, Port Ramsay, No. 4 Cottage","Cottage (Period Unassigned)","188223","745428","ARGYLL AND BUTE","ARGYLL","LISMORE AND APPIN (ARGYLL AND BUTE)","NM 88223 45428","http://canmore.org.uk/site/155559",
"160398","NM73NE 9","Lismore, Eilean Musdile, Cottages","Cottage(S) (Period Unassigned)","177940","735300","ARGYLL AND BUTE","ARGYLL","LISMORE AND APPIN (ARGYLL AND BUTE)","NM 7794 3530","http://canmore.org.uk/site/160398",
"160416","NM84NE 6","Lismore, Port Ramsay, General","Village (Period Unassigned)","188270","745390","ARGYLL AND BUTE","ARGYLL","LISMORE AND APPIN (ARGYLL AND BUTE)","NM 8827 4539","http://canmore.org.uk/site/160416",
"165836","NM84SE 52","Achnacroish, Pier","Pier (Period Unassigned)","185230","740910","ARGYLL AND BUTE","ARGYLL","LISMORE AND APPIN (ARGYLL AND BUTE)","NM 8523 4091","http://canmore.org.uk/site/165836",
"165867","NM83NW 271","Lismore, Port Kilcheran, Limekilns, Quarry","Limestone Quarry (Period Unassigned)","182500","738650","ARGYLL AND BUTE","ARGYLL","LISMORE AND APPIN (ARGYLL AND BUTE)","NM 8250 3865","http://canmore.org.uk/site/165867",
"165868","NM83NW 272","Lismore, Port Kilcheran, Limekilns, Harbour","Harbour (Period Unassigned)","182590","738650","ARGYLL AND BUTE","ARGYLL","LISMORE AND APPIN (ARGYLL AND BUTE)","NM 8259 3865","http://canmore.org.uk/site/165868",
"171238","NM84NE 30","Lismore, Port Ramsey, Limestone Quarry","Limestone Quarry (Period Unassigned)","188420","745540","ARGYLL AND BUTE","ARGYLL","LISMORE AND APPIN (ARGYLL AND BUTE)","NM 8842 4554","http://canmore.org.uk/site/171238",
"172683","NS56NE 2363","Glasgow, 115 Kelvin Drive, Lismore House","Villa (19th Century)","256831","667705","GLASGOW, CITY OF","LANARKSHIRE","GLASGOW (CITY OF GLASGOW)","NS 56831 67705","http://canmore.org.uk/site/172683",
"181109","NS79SE 235","Stirling, 20 Manse Crescent, St Ninian's Manse","Manse (Period Unassigned)","279572","691756","STIRLING","STIRLINGSHIRE","STIRLING","NS 79572 91756","http://canmore.org.uk/site/181109",
"185084","NM84SE 54","Lismore, Anti-aircraft Battery","Anti Aircraft Battery (20th Century)","186000","744160","ARGYLL AND BUTE","ARGYLL","LISMORE AND APPIN (ARGYLL AND BUTE)","NM 8600 4416","http://canmore.org.uk/site/185084",
"198831","NS46SE 480","Paisley, 29 Thornly Park Avenue, Lismore","Villa (20th Century)","248897","661951","RENFREWSHIRE","RENFREWSHIRE","PAISLEY (RENFREW)","NS 48897 61951","http://canmore.org.uk/site/198831",
"205697","NT27SE 4509","Edinburgh, Bingham Avenue, Lismore Primary School","School (Period Unassigned)","329810","672400","EDINBURGH, CITY OF","MIDLOTHIAN","EDINBURGH (EDINBURGH, CITY OF)","NT 2981 7240","http://canmore.org.uk/site/205697",
"206939","NS56NE 2828","Glasgow, Lismore Road, Scrapyard","Scrap Yard (20th Century)","255610","667860","GLASGOW, CITY OF","LANARKSHIRE","GOVAN (CITY OF GLASGOW)","NS 5561 6786","http://canmore.org.uk/site/206939",
"207400","NT67NE 216","Dunbar, 5 East Links Road, Lismore","Terraced House (Period Unassigned)","368233","678671","EAST LOTHIAN","EAST LOTHIAN","DUNBAR","NT 68233 78671","http://canmore.org.uk/site/207400",
"212924","NM83NW 8011","Liberty: Auchindown Bay, Lismore, Loch Linnhe","Smack (19th Century)","180500","738600","ARGYLL AND BUTE","ARGYLL","LISMORE AND APPIN (ARGYLL AND BUTE)","NM 805 386","http://canmore.org.uk/site/212924",
"212973","NM73SE 8007","Industry: Firth Of Lorn","Lugger (20th Century)","178100","734740","ARGYLL AND BUTE","NOT APPLICABLE","MARITIME - ARGYLL AND BUTE","NM 7810 3474","http://canmore.org.uk/site/212973",
"214566","NS97NE 248","Linlithgow, Union Road, Lindisfarne","Manse (Period Unassigned)","299784","676945","WEST LOTHIAN","WEST LOTHIAN","LINLITHGOW","NS 99784 76945","http://canmore.org.uk/site/214566",
"220752","NM83NW 50","Baligrundle","Findspot, Shoe (Leather)","183300","739600","ARGYLL AND BUTE","ARGYLL","LISMORE AND APPIN (ARGYLL AND BUTE)","NM 833 396","http://canmore.org.uk/site/220752",
"233504","NM84NE 7","Lismore, Port Ramsay No. 1 Cottage","Cottage (Period Unassigned)","188250","745459","ARGYLL AND BUTE","ARGYLL","LISMORE AND APPIN (ARGYLL AND BUTE)","NM 88250 45459","http://canmore.org.uk/site/233504",
"233505","NM84NE 8","Lismore, Port Ramsay No. 2 Cottage","Cottage (Period Unassigned)","188244","745451","ARGYLL AND BUTE","ARGYLL","LISMORE AND APPIN (ARGYLL AND BUTE)","NM 88244 45451","http://canmore.org.uk/site/233505",
"233552","NM84NE 9","Lismore, Port Ramsay, No.12 Cottage","Cottage (Period Unassigned)","188169","745364","ARGYLL AND BUTE","ARGYLL","LISMORE AND APPIN (ARGYLL AND BUTE)","NM 88169 45364","http://canmore.org.uk/site/233552",
"233554","NM84NE 10","Lismore, Port Ramsay, No. 13 Cottage","Cottage (Period Unassigned)","188162","745358","ARGYLL AND BUTE","ARGYLL","LISMORE AND APPIN (ARGYLL AND BUTE)","NM 88162 45358","http://canmore.org.uk/site/233554",
"239503","NM84NE 11","Lismore, Port Ramsay, No. 3 Cottage","Cottage (Period Unassigned)","188229","745434","ARGYLL AND BUTE","ARGYLL","LISMORE AND APPIN (ARGYLL AND BUTE)","NM 88229 45434","http://canmore.org.uk/site/239503",
"241859","NN15NE 180","Glen Coe, Lairig Eilde Bridge","No Class (Event)","218310","756210","HIGHLAND","ARGYLL","LISMORE AND APPIN (LOCHABER)","NN 1831 5621","http://canmore.org.uk/site/241859",
"248149","NM73SE 8008","Rhind: Lady's Rock, Firth Of Lorn","Schooner (19th Century)","177200","734300","ARGYLL AND BUTE","NOT APPLICABLE","MARITIME - ARGYLL AND BUTE","NM 772 343","http://canmore.org.uk/site/248149",
"251413","NM84NE 13","Lismore, Port Ramsay, No. 5 Cottage","Cottage (Period Unassigned)","188216","745420","ARGYLL AND BUTE","ARGYLL","LISMORE AND APPIN (ARGYLL AND BUTE)","NM 88216 45420","http://canmore.org.uk/site/251413",
"251414","NM84NE 14","Lismore, Port Ramsay, No. 6 Cottage","Cottage (Period Unassigned)","188211","745415","ARGYLL AND BUTE","ARGYLL","LISMORE AND APPIN (ARGYLL AND BUTE)","NM 88211 45415","http://canmore.org.uk/site/251414",
"251415","NM84NE 15","Lismore, Port Ramsay, No. 7 Cottage","Cottage (Period Unassigned)","188206","745408","ARGYLL AND BUTE","ARGYLL","LISMORE AND APPIN (ARGYLL AND BUTE)","NM 88206 45408","http://canmore.org.uk/site/251415",
"251416","NM84NE 16","Lismore, Port Ramsay, No. 8 Cottage","Cottage (Period Unassigned)","188199","745401","ARGYLL AND BUTE","ARGYLL","LISMORE AND APPIN (ARGYLL AND BUTE)","NM 88199 45401","http://canmore.org.uk/site/251416",
"251417","NM84NE 17","Lismore, Port Ramsay, No. 9 Cottage","Cottage (Period Unassigned)","188196","743398","ARGYLL AND BUTE","ARGYLL","LISMORE AND APPIN (ARGYLL AND BUTE)","NM 88196 43398","http://canmore.org.uk/site/251417",
"251418","NM84NE 18","Lismore, Port Ramsay, No. 10 Cottage","Cottage (Period Unassigned)","188192","745393","ARGYLL AND BUTE","ARGYLL","LISMORE AND APPIN (ARGYLL AND BUTE)","NM 88192 45393","http://canmore.org.uk/site/251418",
"251419","NM84NE 19","Lismore, Port Ramsay, No. 11 Cottage","Cottage (Period Unassigned)","188185","745386","ARGYLL AND BUTE","ARGYLL","LISMORE AND APPIN (ARGYLL AND BUTE)","NM 88185 45386","http://canmore.org.uk/site/251419",
"255296","NM73SE 8013","Hugh Crawford: Loch Linnhe","Smack (19th Century)","179000","734000","ARGYLL AND BUTE","NOT APPLICABLE","MARITIME - ARGYLL AND BUTE","NM 79 34","http://canmore.org.uk/site/255296",
"255365","NM73SE 8011","Celerity: Lady's Rock, Firth Of Lorn","Ketch (19th Century)","177200","734300","ARGYLL AND BUTE","NOT APPLICABLE","MARITIME - ARGYLL AND BUTE","NM 772 343","http://canmore.org.uk/site/255365",
"264631","NM73NE 51","Lismore, Eilean Musdile, Lighthouse, North Keeper's House","Lighthouse Keepers House (Period Unassigned)","177821","735121","ARGYLL AND BUTE","ARGYLL","LISMORE AND APPIN (ARGYLL AND BUTE)","NM 77821 35121","http://canmore.org.uk/site/264631",
"264632","NM73NE 52","Lismore, Eilean Musdile, Lighthouse, South Keeper's House","Lighthouse Keepers House (Period Unassigned)","177832","735111","ARGYLL AND BUTE","ARGYLL","LISMORE AND APPIN (ARGYLL AND BUTE)","NM 77832 35111","http://canmore.org.uk/site/264632",
"264639","NM83NW 274","Lismore, Port Kilcheran, Limekilns, Cottage","Cottage (Period Unassigned)","182566","738622","ARGYLL AND BUTE","ARGYLL","LISMORE AND APPIN (ARGYLL AND BUTE)","NM 82566 38622","http://canmore.org.uk/site/264639",
"264640","NM83NW 275","Lismore, Port Kilcheran, Limekilns, Store","Storehouse (Period Unassigned)","182576","738644","ARGYLL AND BUTE","ARGYLL","LISMORE AND APPIN (ARGYLL AND BUTE)","NM 82576 38644","http://canmore.org.uk/site/264640",
"273160","NM83NW 51","Baligrundle","Findspot, Axehead (Neolithic)","183200","739500","ARGYLL AND BUTE","ARGYLL","LISMORE AND APPIN (ARGYLL AND BUTE)","NM 832 395","http://canmore.org.uk/site/273160",
"273161","NM83NW 52","Kilcheran","Findspot, Plate (Gold)(Viking)","182000","738000","ARGYLL AND BUTE","ARGYLL","LISMORE AND APPIN (ARGYLL AND BUTE)","NM 82 38","http://canmore.org.uk/site/273161",
"273162","NM83NW 53","Kilcheran","Findspot, Plate","182000","738000","ARGYLL AND BUTE","ARGYLL","LISMORE AND APPIN (ARGYLL AND BUTE)","NM 82 38","http://canmore.org.uk/site/273162",
"281502","NM83NW 54","An Doirlinn","Fish Trap (Period Unassigned)","180090","739590","ARGYLL AND BUTE","ARGYLL","LISMORE AND APPIN (ARGYLL AND BUTE)","NM 80090 39590","http://canmore.org.uk/site/281502",
"281673","NN26SW 27","Blackwater Reservoir, Loch Leven And Glencoe","No Class (Event)","224700","760300","HIGHLAND","ARGYLL","LISMORE AND APPIN (LOCHABER)","NN 247 603","http://canmore.org.uk/site/281673",
"282854","NM84SW 8008","Unknown: Lismore, Loch Linnhe","Craft (19th Century)","","","ARGYLL AND BUTE","NOT APPLICABLE","MARITIME - ARGYLL AND BUTE","NM  ","http://canmore.org.uk/site/282854",
"283728","NN05NE 37","Ballachulish, An Dubh","No Class (Event)","208090","758430","HIGHLAND","ARGYLL","LISMORE AND APPIN (LOCHABER)","NN 0809 5843","http://canmore.org.uk/site/283728",
"283729","NM95SE 12","Bealach Forest","No Class (Event)","199000","752000","HIGHLAND","ARGYLL","LISMORE AND APPIN (LOCHABER)","NM 99 52","http://canmore.org.uk/site/283729",
"293274","NM82NE 181","Oban, Lismore House","Shop (Period Unassigned), Tenement (Period Unassigned)","185807","729869","ARGYLL AND BUTE","ARGYLL","KILMORE AND KILBRIDE","NM 85807 29869","http://canmore.org.uk/site/293274",
"293459","NN16SE 67","Lochaber, Kinlochleven","No Class (Event)","218930","761910","HIGHLAND","ARGYLL","LISMORE AND APPIN (LOCHABER)","NN 1893 6191","http://canmore.org.uk/site/293459",
"294197","NM73NE 8009","B C Bailey: Lismore, Loch Linnhe","Craft (19th Century)","179000","739000","ARGYLL AND BUTE","NOT APPLICABLE","MARITIME - ARGYLL AND BUTE","NM 79 39","http://canmore.org.uk/site/294197",
"294199","NM83NW 8002","Short Sunderland I Flying Boat: Lismore, Loch Linnhe","Aircraft (20th Century)","184000","739000","ARGYLL AND BUTE","NOT APPLICABLE","MARITIME - ARGYLL AND BUTE","NM 84 39","http://canmore.org.uk/site/294199",
"294200","NM83NW 8003","Short Sunderland Flying Boat: Lismore, Loch Linnhe","Aircraft (20th Century)","184000","739000","ARGYLL AND BUTE","NOT APPLICABLE","MARITIME - ARGYLL AND BUTE","NM 84 39","http://canmore.org.uk/site/294200",
"294204","NM83NW 8012","Unknown: Lismore, Loch Linnhe","Ship (19th Century)","184000","739000","ARGYLL AND BUTE","NOT APPLICABLE","MARITIME - ARGYLL AND BUTE","NM 84 39","http://canmore.org.uk/site/294204",
"294205","NM83NW 8008","Sarah: Lismore, Loch Linnhe","Sloop (19th Century)","184000","739000","ARGYLL AND BUTE","NOT APPLICABLE","MARITIME - ARGYLL AND BUTE","NM 84 39","http://canmore.org.uk/site/294205",
"294206","NM83NW 8004","Pansy: Lismore, Loch Linnhe","Lugger (20th Century)","184000","739000","ARGYLL AND BUTE","NOT APPLICABLE","MARITIME - ARGYLL AND BUTE","NM 84 39","http://canmore.org.uk/site/294206",
"294207","NM83NW 8005","Unknown: Loch Linnhe","Craft (19th Century)","","","ARGYLL AND BUTE","NOT APPLICABLE","MARITIME - ARGYLL AND BUTE","NM  ","http://canmore.org.uk/site/294207",
"294208","NM83NW 8006","Dasher: Lismore, Loch Linnhe","Sloop","","","ARGYLL AND BUTE","NOT APPLICABLE","MARITIME - ARGYLL AND BUTE","NM  ","http://canmore.org.uk/site/294208",
"294209","NM83NW 8007","Lark: Lismore, Loch Linnhe","Sloop (19th Century)","184000","739000","ARGYLL AND BUTE","NOT APPLICABLE","MARITIME - ARGYLL AND BUTE","NM 84 39","http://canmore.org.uk/site/294209",
"294217","NM73NE 53","Lismore, Eilean Musdile, Lighthouse, Northern Slipway","Slipway (Period Unassigned)","177882","735229","ARGYLL AND BUTE","ARGYLL","LISMORE AND APPIN (ARGYLL AND BUTE)","NM 77882 35229","http://canmore.org.uk/site/294217",
"294218","NM73NE 54","Lismore, Eilean Musdile, Lighthouse, Southern Slipway","Slipway (Period Unassigned)","177879","735092","ARGYLL AND BUTE","ARGYLL","LISMORE AND APPIN (ARGYLL AND BUTE)","NM 77879 35092","http://canmore.org.uk/site/294218",
"294271","NM73SE 8015","Sea Fay: Lady's Rock, Firth Of Lorn","Craft (20th Century)","177200","734300","ARGYLL AND BUTE","NOT APPLICABLE","MARITIME - ARGYLL AND BUTE","NM 772 343","http://canmore.org.uk/site/294271",
"294273","NM83SW 8029","Consolidated Catalina: Firth Of Lorn","Aircraft (20th Century)","184000","734000","ARGYLL AND BUTE","NOT APPLICABLE","MARITIME - ARGYLL AND BUTE","NM 84 34","http://canmore.org.uk/site/294273",
"294336","NM73SE 8022","Spartan: Loch Linnhe","Craft (20th Century)","179000","730000","ARGYLL AND BUTE","NOT APPLICABLE","MARITIME - ARGYLL AND BUTE","NM 79 30","http://canmore.org.uk/site/294336",
"294338","NM83SE 8031","Unknown: Firth Of Lorn","Craft (19th Century)","","","ARGYLL AND BUTE","NOT APPLICABLE","MARITIME - ARGYLL AND BUTE","NM  ","http://canmore.org.uk/site/294338",
"294429","NM82SW 8006","Present Help: Lismore, Loch Linnhe","Craft (20th Century)","183000","721000","ARGYLL AND BUTE","ARGYLL","KILNINVER AND KILMELFORD","NM 83 21","http://canmore.org.uk/site/294429",
"295453","NM94NW 49","Appin House Draw Kiln","Kiln (Period Unassigned)","193490","749400","ARGYLL AND BUTE","ARGYLL","LISMORE AND APPIN (ARGYLL AND BUTE)","NM 9349 4940","http://canmore.org.uk/site/295453",
"295454","NM94NW 50","Clachandou","Barn (Period Unassigned), Cottage (Period Unassigned)","192200","746400","ARGYLL AND BUTE","ARGYLL","LISMORE AND APPIN (ARGYLL AND BUTE)","NM 922 464","http://canmore.org.uk/site/295454",
"299813","NM83NW 56","Frackersaig Water Supply","Farmstead (Period Unassigned)","181900","739450","ARGYLL AND BUTE","ARGYLL","LISMORE AND APPIN (ARGYLL AND BUTE)","NM 8190 3945","http://canmore.org.uk/site/299813",
"299845","NM73NE 10","Lismore, Rubha Fiart, Remains Of Illicit Still","Still (Period Unassigned)","178600","735800","ARGYLL AND BUTE","ARGYLL","LISMORE AND APPIN (ARGYLL AND BUTE)","NM 786 358","http://canmore.org.uk/site/299845",
"305404","NN25NW 12","Stirling - Tyndrum - Fort William Military Road","Military Road (Post Medieval)","224820","755190","HIGHLAND","ARGYLL","LISMORE AND APPIN (LOCHABER)","NN 24820 55190","http://canmore.org.uk/site/305404",
"307693","NN17NE 18","Leanachan","Culvert (18th Century)(Possible)","216420","778520","HIGHLAND","INVERNESS-SHIRE","KILMONIVAIG","NN 1642 7852","http://canmore.org.uk/site/307693",
"307694","NN15NW 55","Invercoe","Military Road (18th Century)(Possible), Track (Period Unassigned)","210080","759310","HIGHLAND","ARGYLL","LISMORE AND APPIN (LOCHABER)","NN 1008 5931","http://canmore.org.uk/site/307694",
"307695","NN15NW 56","Invercoe","Culvert (18th Century), Military Road (18th Century)(Possible), Track (Period Unassigned)","210300","759250","HIGHLAND","ARGYLL","LISMORE AND APPIN (LOCHABER)","NN 1030 5925","http://canmore.org.uk/site/307695",
"307696","NN15NW 57","Invercoe","Culvert (18th Century), Revetment (18th Century), Water Pipe (Modern)","210480","758910","HIGHLAND","ARGYLL","LISMORE AND APPIN (LOCHABER)","NN 10480 58910","http://canmore.org.uk/site/307696",
"307697","NN15NW 58","Invercoe","Culvert (18th Century)","210810","758720","HIGHLAND","ARGYLL","LISMORE AND APPIN (LOCHABER)","NN 1081 5872","http://canmore.org.uk/site/307697",
"307698","NN15NW 59","Invercoe","Culvert (18th Century)","210120","759250","HIGHLAND","ARGYLL","LISMORE AND APPIN (LOCHABER)","NN 1012 5925","http://canmore.org.uk/site/307698",
"307699","NN05NE 54","Callert","Culvert (Period Unassigned), Military Road (18th Century)(Possible), Track (Period Unassigned)","207360","759800","HIGHLAND","INVERNESS-SHIRE","KILMALLIE","NN 0736 5980","http://canmore.org.uk/site/307699",
"307700","NN05NE 55","Callert","Ford (Period Unassigned), Hollow Way (Period Unassigned)","207810","759700","HIGHLAND","INVERNESS-SHIRE","KILMALLIE","NN 0781 5970","http://canmore.org.uk/site/307700",
"307701","NN06SE 26","Callert","Boundary Bank (Period Unassigned)(Possible), Military Road (18th Century)(Possible)","208250","760040","HIGHLAND","INVERNESS-SHIRE","KILMALLIE","NN 0825 6004","http://canmore.org.uk/site/307701",
"307702","NN06NE 25","Inchree","Military Road (18th Century), Track (Period Unassigned)","205040","766710","HIGHLAND","INVERNESS-SHIRE","KILMALLIE","NN 0504 6671","http://canmore.org.uk/site/307702",
"307703","NN27NW 11","Leanachan","Byre(S) (Period Unassigned)(Possible), Cottage(S) (Period Unassigned)(Possible)","221740","778390","HIGHLAND","INVERNESS-SHIRE","KILMONIVAIG","NN 2174 7839","http://canmore.org.uk/site/307703",
"332085","NM94NE 10","Achnacone Cottage","No Class (Event)","195793","745095","ARGYLL AND BUTE","ARGYLL","LISMORE AND APPIN (ARGYLL AND BUTE)","NM 95793 45095","http://canmore.org.uk/site/332085",
"332264","NN05NE 59","West Laroch","No Class (Event)","207952","758088","HIGHLAND","ARGYLL","LISMORE AND APPIN (LOCHABER)","NN 07952 58088","http://canmore.org.uk/site/332264",
"345961","NN25NW 13","Glencoe, Creag A Bhancair","Shieling(S) (Post Medieval)","221200","755200","HIGHLAND","ARGYLL","ARDCHATTAN AND MUCKAIRN (LOCHABER)","NN 21200 55200","http://canmore.org.uk/site/345961",
"346003","NN25NW 14","Glencoe, Lagangarbh","Bothy (Period Unassigned), Dyke (Period Unassigned), Enclosure (Period Unassigned)","222058","755996","HIGHLAND","ARGYLL","ARDCHATTAN AND MUCKAIRN (LOCHABER)","NN 22058 55996","http://canmore.org.uk/site/346003",
"346004","NN25NW 15","Glencoe, Lagangarbh","Footbridge (Period Unassigned)","222188","756100","HIGHLAND","ARGYLL","ARDCHATTAN AND MUCKAIRN (LOCHABER)","NN 22188 56100","http://canmore.org.uk/site/346004",
"346005","NN25NW 16","Glencoe, River Coupall (East)","Bothy (Period Unassigned)","223475","755270","HIGHLAND","ARGYLL","ARDCHATTAN AND MUCKAIRN (LOCHABER)","NN 23475 55270","http://canmore.org.uk/site/346005",
"346006","NN25SW 7","Glencoe, Allt Coire Cloiche Finne","Dyke(S) (Period Unassigned)","221950","752220","HIGHLAND","ARGYLL","ARDCHATTAN AND MUCKAIRN (LOCHABER)","NN 21950 52220","http://canmore.org.uk/site/346006",
"346020","NN15SE 15","Glencoe, Eas Na Doire Moire","Dyke (Period Unassigned)","219794","751486","HIGHLAND","ARGYLL","ARDCHATTAN AND MUCKAIRN (LOCHABER)","NN 19794 51486","http://canmore.org.uk/site/346020",
"346023","NN15SE 16","Glencoe, Eas Na Doire Moire","Track (Period Unassigned)","219500","751300","HIGHLAND","ARGYLL","ARDCHATTAN AND MUCKAIRN (LOCHABER)","NN 19500 51300","http://canmore.org.uk/site/346023",
"346024","NN15SE 17","Glencoe, Dalness","Dyke (Period Unassigned)","210000","750000","HIGHLAND","ARGYLL","ARDCHATTAN AND MUCKAIRN (LOCHABER)","NN 1 5","http://canmore.org.uk/site/346024",
"346025","NN15SE 18","Dalness","Road (Period Unassigned)","210000","750000","HIGHLAND","ARGYLL","ARDCHATTAN AND MUCKAIRN (LOCHABER)","NN 1 5","http://canmore.org.uk/site/346025",
"346026","NN15SE 19","Glencoe, Allt Lairig Eilde","Track (Period Unassigned)","217078","752790","HIGHLAND","ARGYLL","ARDCHATTAN AND MUCKAIRN (LOCHABER)","NN 17078 52790","http://canmore.org.uk/site/346026",
"346029","NN15SE 20","Glencoe, Lairig Gartain","Cairn (Period Unassigned)","218400","752900","HIGHLAND","ARGYLL","ARDCHATTAN AND MUCKAIRN (LOCHABER)","NN 18400 52900","http://canmore.org.uk/site/346029",
"346031","NN15NE 21","Glencoe, Allt Na Ruigh","Dyke (Period Unassigned)","217528","756904","HIGHLAND","ARGYLL","LISMORE AND APPIN (LOCHABER)","NN 17528 56904","http://canmore.org.uk/site/346031",
"346033","NN15NE 22","Pass Of Glen Coe","Structure(S) (Period Unassigned)(Possible)","216800","757000","HIGHLAND","ARGYLL","LISMORE AND APPIN (LOCHABER)","NN 16800 57000","http://canmore.org.uk/site/346033",
"346034","NN15NE 23","Glencoe, Coire Nan Lochan","Footbridge (Period Unassigned)","216693","756626","HIGHLAND","ARGYLL","LISMORE AND APPIN (LOCHABER)","NN 16693 56626","http://canmore.org.uk/site/346034",
"346035","NN15NE 24","Glencoe, Achtriochtan","Dyke (Period Unassigned)","215700","756900","HIGHLAND","ARGYLL","LISMORE AND APPIN (LOCHABER)","NN 15700 56900","http://canmore.org.uk/site/346035",
"346037","NN15NE 25","Glencoe, Achtriochtan","Dyke(S) (Period Unassigned), Enclosure (Period Unassigned), Structure(S) (Period Unassigned)","215900","756999","HIGHLAND","ARGYLL","LISMORE AND APPIN (LOCHABER)","NN 15900 56999","http://canmore.org.uk/site/346037",
"346038","NN15NE 26","Glencoe, Achtriochtan","Enclosure (Period Unassigned), Sheepfold (Period Unassigned), Structure(S) (Period Unassigned)","215726","757213","HIGHLAND","ARGYLL","LISMORE AND APPIN (LOCHABER)","NN 15726 57213","http://canmore.org.uk/site/346038",
"346039","NN15NE 27","Glencoe, Achtriochtan","Dyke (Period Unassigned)","215570","757190","HIGHLAND","ARGYLL","LISMORE AND APPIN (LOCHABER)","NN 15570 57190","http://canmore.org.uk/site/346039",
"346041","NN15NE 28","Glencoe, Ossian's Cave","Cave (Period Unassigned)","215300","756190","HIGHLAND","ARGYLL","LISMORE AND APPIN (LOCHABER)","NN 15300 56190","http://canmore.org.uk/site/346041",
"346042","NN15NW 63","Glencoe, Glen Coe","Clearance Cairn(S) (Period Unassigned)","215000","757100","HIGHLAND","ARGYLL","LISMORE AND APPIN (LOCHABER)","NN 15000 57100","http://canmore.org.uk/site/346042",
"346043","NN15NE 29","Glencoe, Glen Coe","Cultivation Remains (Period Unassigned)","215030","757216","HIGHLAND","ARGYLL","LISMORE AND APPIN (LOCHABER)","NN 15030 57216","http://canmore.org.uk/site/346043",
"346044","NN15NE 30","Glencoe, Glen Coe","Rig And Furrow (Medieval)","214800","757220","HIGHLAND","ARGYLL","LISMORE AND APPIN (LOCHABER)","NN 14800 57220","http://canmore.org.uk/site/346044",
"346045","NN15NW 64","Glencoe, Glen Coe","Rig And Furrow (Medieval)","214528","757120","HIGHLAND","ARGYLL","LISMORE AND APPIN (LOCHABER)","NN 14528 57120","http://canmore.org.uk/site/346045",
"346046","NN15NW 65","Glencoe, Loch Achtriochtan","Track (Period Unassigned)","214850","756620","HIGHLAND","ARGYLL","LISMORE AND APPIN (LOCHABER)","NN 14850 56620","http://canmore.org.uk/site/346046",
"346047","NN15NW 66","Glencoe, Achnambeithach","Mound (Period Unassigned)","213600","756460","HIGHLAND","ARGYLL","LISMORE AND APPIN (LOCHABER)","NN 13600 56460","http://canmore.org.uk/site/346047",
"346048","NN15NW 67","Glencoe, Stroan","Rig And Furrow (Medieval), Structure (Period Unassigned)","213377","756500","HIGHLAND","ARGYLL","LISMORE AND APPIN (LOCHABER)","NN 13377 56500","http://canmore.org.uk/site/346048",
"346076","NN15NW 68","Glencoe, Stroan","Structure(S) (Period Unassigned)","213333","756193","HIGHLAND","ARGYLL","ARDCHATTAN AND MUCKAIRN (LOCHABER)","NN 13333 56193","http://canmore.org.uk/site/346076",
"346077","NN15NW 69","Glencoe, Clachaig","Quarry (Period Unassigned), Structure(S) (Period Unassigned)","212935","756724","HIGHLAND","ARGYLL","ARDCHATTAN AND MUCKAIRN (LOCHABER)","NN 12935 56724","http://canmore.org.uk/site/346077",
"346209","NN15NW 70","Glencoe, Inbhir-fhiodhan","Structure (Period Unassigned)","210920","757950","HIGHLAND","ARGYLL","LISMORE AND APPIN (LOCHABER)","NN 10920 57950","http://canmore.org.uk/site/346209",
"346211","NN15NW 71","Glencoe, Clachaig","Rig And Furrow (Medieval)","212699","756572","HIGHLAND","ARGYLL","LISMORE AND APPIN (LOCHABER)","NN 12699 56572","http://canmore.org.uk/site/346211",
"346212","NN15NW 72","Glencoe, Visitor Centre","Structure(S) (Period Unassigned)(Possible)","212800","756428","HIGHLAND","ARGYLL","LISMORE AND APPIN (LOCHABER)","NN 12800 56428","http://canmore.org.uk/site/346212",
"346214","NN15NW 74","Glencoe, Achnacon","Sheepfold (Period Unassigned)","211827","756460","HIGHLAND","ARGYLL","LISMORE AND APPIN (LOCHABER)","NN 11827 56460","http://canmore.org.uk/site/346214",
"346215","NN15NW 75","Glencoe, Achnacon","Track (Period Unassigned)","212025","756452","HIGHLAND","ARGYLL","LISMORE AND APPIN (LOCHABER)","NN 12025 56452","http://canmore.org.uk/site/346215",
"346217","NN15NW 76","Glencoe, Achnacon","Marker Stone (Period Unassigned), Rig And Furrow (Medieval)","211910","756630","HIGHLAND","ARGYLL","LISMORE AND APPIN (LOCHABER)","NN 11910 56630","http://canmore.org.uk/site/346217",
"346218","NN15NW 77","Glencoe, Achnacon","Settlement (Period Unassigned)","211832","756664","HIGHLAND","ARGYLL","LISMORE AND APPIN (LOCHABER)","NN 11832 56664","http://canmore.org.uk/site/346218",
"346219","NN15NW 78","Glencoe, Achnacon","Rig And Furrow (Medieval)","211849","757152","HIGHLAND","ARGYLL","LISMORE AND APPIN (LOCHABER)","NN 11849 57152","http://canmore.org.uk/site/346219",
"346220","NN15NW 79","Glencoe, Achnacon","Track (Period Unassigned)","212059","757001","HIGHLAND","ARGYLL","LISMORE AND APPIN (LOCHABER)","NN 12059 57001","http://canmore.org.uk/site/346220",
"346221","NN15NW 80","Glencoe, Achnacon","Structure (Period Unassigned)","211600","756700","HIGHLAND","ARGYLL","LISMORE AND APPIN (LOCHABER)","NN 11600 56700","http://canmore.org.uk/site/346221",
"346229","NN15SW 5","Glencoe, Meall Mor","Structure (Period Unassigned)","210150","754370","HIGHLAND","ARGYLL","LISMORE AND APPIN (LOCHABER)","NN 10150 54370","http://canmore.org.uk/site/346229",
"346230","NN15SW 6","Glencoe, Meall Mor","Dyke (Period Unassigned)","210320","754430","HIGHLAND","ARGYLL","LISMORE AND APPIN (LOCHABER)","NN 10320 54430","http://canmore.org.uk/site/346230",
"346231","NN15SW 8","Glencoe, Gleann Leac Na Muidhe","Shieling Hut(S) (Post Medieval)(Possible)","210550","754650","HIGHLAND","ARGYLL","LISMORE AND APPIN (LOCHABER)","NN 10550 54650","http://canmore.org.uk/site/346231",
"346232","NN15SW 9","Glencoe, Gleann Leac Na Muidhe","Shieling Hut(S) (Post Medieval)","210570","754730","HIGHLAND","ARGYLL","LISMORE AND APPIN (LOCHABER)","NN 10570 54730","http://canmore.org.uk/site/346232",
"346234","NN15SW 10","Glencoe, Gleann Leac Na Muidhe","Platform(S) (Period Unassigned)","210551","754751","HIGHLAND","ARGYLL","LISMORE AND APPIN (LOCHABER)","NN 10551 54751","http://canmore.org.uk/site/346234",
"346235","NN15SW 11","Glencoe, Gleann Leac Na Muidhe","Platform (Period Unassigned), Rig And Furrow (Medieval)","210791","754897","HIGHLAND","ARGYLL","LISMORE AND APPIN (LOCHABER)","NN 10791 54897","http://canmore.org.uk/site/346235",
"346236","NN15NW 82","Glencoe, Gleann Leac Na Muidhe","Shieling Hut (Post Medieval), Structure (Period Unassigned)","210730","755050","HIGHLAND","ARGYLL","LISMORE AND APPIN (LOCHABER)","NN 10730 55050","http://canmore.org.uk/site/346236",
"346237","NN15NW 83","Glencoe, Gleann Leac Na Muidhe","Shieling Hut (Post Medieval)","210880","755010","HIGHLAND","ARGYLL","LISMORE AND APPIN (LOCHABER)","NN 10880 55010","http://canmore.org.uk/site/346237",
"346238","NN15NW 84","Glencoe, Gleann Leac Na Muidhe","Platform(S) (Period Unassigned)","210900","755400","HIGHLAND","ARGYLL","LISMORE AND APPIN (LOCHABER)","NN 10900 55400","http://canmore.org.uk/site/346238",
"346239","NN15NW 85","Glencoe, Gleann Leac Na Muidhe","Platform (Period Unassigned)","211050","755320","HIGHLAND","ARGYLL","LISMORE AND APPIN (LOCHABER)","NN 11050 55320","http://canmore.org.uk/site/346239",
"346241","NN15NW 86","Glencoe, Gleann Leac Na Muidhe","Shieling Hut (Post Medieval)(Possible)","211210","755380","HIGHLAND","ARGYLL","LISMORE AND APPIN (LOCHABER)","NN 11210 55380","http://canmore.org.uk/site/346241",
"346243","NN15NW 87","Glencoe, Gleann Leac Na Muidhe","Shieling Hut(S) (Post Medieval)","210900","755200","HIGHLAND","ARGYLL","LISMORE AND APPIN (LOCHABER)","NN 10900 55200","http://canmore.org.uk/site/346243",
"346244","NN15NW 88","Glencoe, Gleann Leac Na Muidhe","Platform (Period Unassigned), Shieling Hut(S) (Post Medieval)","210900","755300","HIGHLAND","ARGYLL","LISMORE AND APPIN (LOCHABER)","NN 10900 55300","http://canmore.org.uk/site/346244",
"346245","NN15NW 89","Glencoe, Gleann Leac Na Muidhe","Building (Period Unassigned)","211001","755002","HIGHLAND","ARGYLL","LISMORE AND APPIN (LOCHABER)","NN 11001 55002","http://canmore.org.uk/site/346245",
"346246","NN15NW 90","Glencoe, Gleann Leac Na Muidhe","Shieling Hut(S) (Post Medieval)","211000","755040","HIGHLAND","ARGYLL","LISMORE AND APPIN (LOCHABER)","NN 11000 55040","http://canmore.org.uk/site/346246",
"349673","NM83NW 58","Lismore, Achadun Bay","Fish Trap (Period Unassigned)(Possible)","180450","739540","ARGYLL AND BUTE","ARGYLL","LISMORE AND APPIN (ARGYLL AND BUTE)","NM 80450 39540","http://canmore.org.uk/site/349673",
